Date,Year,Month,sst,rhum,slp,vwnd,cldc
1949-01-01,1949,1,25.81642892020089,81.777734375,1014.4861577181208,-3.508607573856581,4.426823353607382
1949-02-01,1949,2,25.695947584763072,81.17624421296296,1013.2098214285714,-2.460189139007763,3.7195845460580066
1949-03-01,1949,3,25.87659061316288,79.32614087301587,1013.1593528368794,-2.4799271704445425,3.7517591976950353
1949-04-01,1949,4,27.21709020813899,81.78798577724359,1013.0945601851852,-0.46193831714231576,2.909899063692748
1949-05-01,1949,5,28.326788463731752,79.6255649535124,1011.9770833333333,0.564965447075933,3.120588695729962
1949-06-01,1949,6,28.960633293030753,82.24043588789682,1009.9710996240601,2.193836183476269,3.8477191347064394
1949-07-01,1949,7,28.931197916666665,81.67495265151516,1010.1050955414013,1.5523582507090963,4.456026696855096
1949-08-01,1949,8,29.090859116307946,81.3890823143116,1009.6802491830065,1.346864687851052,4.4622277266142385
1949-09-01,1949,9,28.72986260775862,83.32158786147389,1009.4246323529412,0.5543886246219758,4.7659936044730395
1949-10-01,1949,10,28.563478331634965,82.2638554393797,1009.7451584507043,-0.22126565852635344,4.840696498325893
1949-11-01,1949,11,27.94993137668919,81.71059120124113,1011.8211570945946,-1.471012321678368,4.035118309227196
1949-12-01,1949,12,27.186561584472656,82.059953125,1011.3815307617188,-2.397052617036095,4.46044921875
1950-01-01,1950,1,26.61865780958489,80.16606404958678,1012.69921875,-2.709707951200181,4.1394007327782845
1950-02-01,1950,2,25.996198669938018,78.34854154497664,1012.883875,-2.4016127366286057,3.96587519682655
1950-03-01,1950,3,26.414720703125,80.42105102539062,1013.1345159774436,-2.0627587161847014,4.087091619318182
1950-04-01,1950,4,27.401395203637296,81.7882308959961,1011.0963541666666,-0.4543263449597715,3.146994519589552
1950-05-01,1950,5,28.47296905517578,80.00748208411655,1010.5775629496403,0.5169808367173448,4.291411481584821
1950-06-01,1950,6,28.89621604025901,81.92865668402777,1009.3932926829268,2.07648193359375,4.65038671875
1950-07-01,1950,7,29.033083089192708,81.66435215836864,1007.9782849409448,2.375749723179134,5.184903583829365
1950-08-01,1950,8,28.283785983248872,82.92772533275463,1007.8569504310345,1.9568083947446167,5.109233439469538
1950-09-01,1950,9,28.832018919665405,82.90838815789473,1007.8691037735849,0.5258679023155799,5.305647940005896
1950-10-01,1950,10,28.090939252804485,80.47102007949562,1010.6977982954545,-1.0372501984807372,4.423469312263258
1950-11-01,1950,11,27.55814484627016,80.55340786637932,1009.745018115942,-2.0247462430446266,3.7656820255474455
1950-12-01,1950,12,26.74131692102713,79.44028197216386,1012.0717176258993,-4.750430319806655,4.100716027030109
1951-01-01,1951,1,26.12698543772978,80.41235135508849,1013.2579241071429,-3.4877125331333705,4.18070068359375
1951-02-01,1951,2,25.998846905048076,81.6592987804878,1011.8266937022901,-2.4744345299283363,4.38720703125
1951-03-01,1951,3,26.57888303103147,79.87951832086267,1013.2062908496732,-2.5367292017718546,3.7434049907483553
1951-04-01,1951,4,27.532131419462317,84.59383945610686,1012.5815217391304,-1.0568829964900361,3.5311403136322466
1951-05-01,1951,5,28.13066930578859,82.86036512586806,1011.8491666666666,0.3611357625325521,3.6913216145833334
1951-06-01,1951,6,28.85826994243421,80.2914813701923,1010.4269701086956,1.5370938997742132,4.052464261968085
1951-07-01,1951,7,29.130754743303573,81.1447578125,1010.2690972222222,1.0642560133293493,4.332076798624067
1951-08-01,1951,8,28.665177582003547,82.45846354166666,1009.1910460992908,2.1815622749058066,5.44212646484375
1951-09-01,1951,9,29.31247922207447,81.25107201597744,1010.0176339285714,0.6990159800354864,4.042939521897007
1951-10-01,1951,10,29.13070816532258,82.10198479729729,1010.3851512738853,-0.09764128278015526,4.551908052884615
1951-11-01,1951,11,28.221585398706896,82.11819970346716,1011.6416952054794,-3.118080870745933,4.62067450161638
1951-12-01,1951,12,27.296296296296298,82.05878044577206,1012.887854609929,-3.8729771823747785,4.912751759197695
1952-01-01,1952,1,26.65721686154801,79.33505147971854,1014.467619243421,-3.2534848263389184,4.258532072368421
1952-02-01,1952,2,26.49457732724472,80.56164117907801,1013.9053758741259,-2.3361353380926726,3.7965365705818965
1952-03-01,1952,3,26.78706090590533,81.12607130363806,1012.8139613309353,-1.0677676852658498,3.442009525022645
1952-04-01,1952,4,27.716013234812063,81.36753771551724,1012.822131849315,-0.39164284484027184,3.462313717358733
1952-05-01,1952,5,28.53168023382867,83.0852819055944,1011.0730603448276,0.780546538683833,3.9856903698979593
1952-06-01,1952,6,29.363816122972327,82.18754842458678,1009.95625,1.6396966599326097,4.068451397235577
1952-07-01,1952,7,29.16780836564781,81.54055304276316,1009.0018318965517,2.6382780930091596,5.160673154633621
1952-08-01,1952,8,28.99926919495033,82.96437840813758,1008.5804893092105,1.8918440969366777,5.357498468137255
1952-09-01,1952,9,29.118984941123188,81.63699363425926,1009.21875,0.5905575222439237,4.7409617106119795
1952-10-01,1952,10,28.979791891163792,84.55835139142336,1009.7472363945578,-0.36482820056733634,5.1080916121199325
1952-11-01,1952,11,28.078118658685064,82.50257225285948,1010.5175540123457,-2.0093197292751737,4.05615234375
1952-12-01,1952,12,27.198162468112244,82.09110597363946,1012.9319045608108,-4.119518541309931,4.92498119457348
1953-01-01,1953,1,26.458729918573944,79.10764723557692,1014.1712239583334,-3.807721999595905,4.206859509698276
1953-02-01,1953,2,26.218973795572918,82.16618049918831,1015.2199596774194,-3.086391014388845,4.739213001878956
1953-03-01,1953,3,26.767169688482703,82.43792647349683,1013.3185927672956,-1.5058107376098633,3.3187210083007814
1953-04-01,1953,4,27.407782832278482,83.037211499183,1012.2215998427673,-0.8660361811799823,3.6202299866495253
1953-05-01,1953,5,28.56934862012987,81.27928385416666,1011.3581730769231,0.9092325063852164,3.7858730218349357
1953-06-01,1953,6,29.309031628024194,81.201953125,1010.1598557692307,1.3994280578224523,4.1216286823248405
1953-07-01,1953,7,29.319540185866014,81.87773182189542,1009.9491441082803,1.9131426688952324,4.249967134915865
1953-08-01,1953,8,29.17886755601415,84.69802934695512,1007.596450617284,2.693952207212095,5.5913266782407405
1953-09-01,1953,9,29.007418724798388,81.55093443627452,1009.6358097484276,0.7812595967226809,4.958210232891614
1953-10-01,1953,10,28.75166516426282,81.75156880040322,1010.5565929878048,-0.9778027418183117,4.155452076981708
1953-11-01,1953,11,28.394939181170887,81.5537480221519,1011.729486196319,-1.7128200413990606,4.2962923576495395
1953-12-01,1953,12,27.304690867456898,82.19716389973958,1012.8680555555555,-3.20197215833162,4.813687193627451
1954-01-01,1954,1,26.757562255859376,78.50381174395162,1011.953515625,-2.260060501098633,3.807478332519531
1954-02-01,1954,2,26.25936696499209,80.65393880208333,1013.2678852201258,-2.6300614755364915,4.484149401700949
1954-03-01,1954,3,26.413577452400663,80.52813679739933,1013.2302684294872,-2.5834165162678007,4.108829546578323
1954-04-01,1954,4,27.541655441810345,81.44208984375,1011.5939640410959,-0.18260067456389126,3.098587663206336
1954-05-01,1954,5,28.597669270833332,80.55798595935315,1010.7327724358975,0.5183990674141126,3.5089393028846154
1954-06-01,1954,6,29.21502800707547,79.63819997902685,1010.181640625,1.8192520141601562,4.125582885742188
1954-07-01,1954,7,29.506394012064874,80.23306868912337,1009.3304140127389,1.6864351892167595,4.148378408638535
1954-08-01,1954,8,29.569197289737655,82.21662159455128,1007.3706597222222,2.194939884138696,5.480720472631988
1954-09-01,1954,9,28.808449328785212,83.82168534873189,1007.9688555743244,1.5356098896748311,5.504782480736301
1954-10-01,1954,10,28.644968606211656,80.60758981886943,1010.7735339506173,-0.9599982367621528,4.525895483699846
1954-11-01,1954,11,28.02594998516614,80.45745889501634,1010.6517857142857,-0.7492483139038086,4.347172517954193
1954-12-01,1954,12,26.90306640625,79.23561789772727,1012.2522764900663,-4.523838472682119,4.604603748447848
1955-01-01,1955,1,25.83134051067073,80.06148587740384,1015.433974847561,-4.216501060439033,4.409730492568597
1955-02-01,1955,2,25.93385273701436,80.81374595905173,1011.8442639802631,-2.521839744166324,3.6019537717301326
1955-03-01,1955,3,26.595501708984376,81.07290438286164,1012.3146780303031,-1.5624223188920454,3.3842107599431817
1955-04-01,1955,4,27.191558441558442,81.86370071308725,1011.7397836538462,-1.1773052704639924,3.5775349934895835
1955-05-01,1955,5,28.086014093137255,81.12747089974832,1010.5258451257862,0.71748630355739,3.656015189589968
1955-06-01,1955,6,28.61771088643791,80.66685075431035,1010.7490110759494,1.0493847882306133,4.283311631944445
1955-07-01,1955,7,28.634729333826012,80.6407969300176,1009.8602941176471,2.1194747121710527,4.811083026960785
1955-08-01,1955,8,29.056954289114238,79.92924107142858,1009.2747140522875,1.5747728534773284,4.87905784058415
1955-09-01,1955,9,29.233009178321677,81.34096082508992,1009.6615287162163,0.6856769871067356,4.7797043259079395
1955-10-01,1955,10,28.413416608979432,81.15954088184931,1010.1626552795032,-0.5224823566697399,4.761996884889241
1955-11-01,1955,11,27.989548903245193,81.21471922189598,1010.6277689873418,-2.8906945337223102,4.7854158425632916
1955-12-01,1955,12,26.644862344820204,77.49847771139706,1011.9738562091503,-3.8804556653390523,4.460749208537582
1956-01-01,1956,1,25.977045865666945,78.28210100446428,1012.1347268211921,-3.4609253738100167,4.358904503828643
1956-02-01,1956,2,25.84000058205712,80.09528645833333,1012.0726218553459,-2.7844982147216797,4.078091430664062
1956-03-01,1956,3,26.272820408358896,81.83456655649039,1012.9394171779142,-2.312942972943827,3.991988293232362
1956-04-01,1956,4,27.19583717488354,81.12350716560509,1011.2604166666666,-0.9640606880187989,4.113334121218153
1956-05-01,1956,5,28.27163436989379,81.32563080658784,1010.7850560897435,0.6779370707850303,4.153166942107371
1956-06-01,1956,6,28.70950860333589,81.93921347776073,1010.2673399390244,0.945335341944839,4.144268567049051
1956-07-01,1956,7,29.078476324314025,81.77353577044025,1008.6524390243902,2.3794455822603204,5.090152295820552
1956-08-01,1956,8,28.79924577437107,82.17065585191082,1008.3562694099379,2.1498775126771155,5.4167359156638195
1956-09-01,1956,9,28.368458283253204,83.53866557459678,1008.3959651898734,1.7003187348571005,5.332242941554589
1956-10-01,1956,10,28.542783326740505,81.77091733870968,1010.252751572327,-1.486287146994153,4.657819256092767
1956-11-01,1956,11,27.702187241307946,81.83872767857143,1011.3147021812081,-3.173176948597889,4.650980494966443
1956-12-01,1956,12,26.97563914763622,81.6857673891129,1012.2662259615385,-3.7889796943421574,5.285035765016234
1957-01-01,1957,1,25.965194310897434,81.0424453635621,1013.0617088607595,-3.4735431912579116,4.576548902294304
1957-02-01,1957,2,25.879424266326122,78.94269935344828,1013.6236155063291,-3.1747451975375793,3.8949036417128164
1957-03-01,1957,3,26.201312255859374,80.33580852004717,1013.7762345679013,-2.2274514903192935,4.419091495466821
1957-04-01,1957,4,27.349276990775603,81.14146029874213,1012.4854041916168,-0.978141830352966,3.521517999157934
1957-05-01,1957,5,28.41795055318323,80.59344561688312,1010.8943634969326,0.8058659117898823,3.157015373370399
1957-06-01,1957,6,29.047648602221386,82.01085464015152,1010.1630917159763,1.869763692220052,4.220807756696429
1957-07-01,1957,7,29.208412728658537,81.6112060546875,1009.7006478658536,1.0765868396293827,4.190092110339506
1957-08-01,1957,8,29.194972182765152,82.23510298295454,1007.9283854166666,2.097561790829613,5.27972412109375
1957-09-01,1957,9,28.92457819559488,82.3372234083851,1009.2124053030303,1.1017481792403991,4.944807942708334
1957-10-01,1957,10,28.57154773530506,81.54783380681818,1011.1633272058823,-1.1229982263901654,4.689310107710799
1957-11-01,1957,11,27.904848063650306,81.08503372476709,1011.9611742424242,-1.8917664318549923,4.043593158143939
1957-12-01,1957,12,27.165195562900642,79.73696859780844,1013.42919921875,-2.7721229553222657,3.8518447875976562
1958-01-01,1958,1,26.316194947002923,80.21840122767857,1015.6284520348837,-3.4488347962845203,4.42671381041061
1958-02-01,1958,2,26.04670541729042,78.70423935966258,1014.132068452381,-2.512260073707217,4.086273193359375
1958-03-01,1958,3,26.509128736413043,79.24343094914596,1013.8228527607362,-1.7457649839436349,3.595082352801067
1958-04-01,1958,4,27.323736351656628,81.38338765337423,1013.1805346385543,-1.2151191435664532,3.4342952866152108
1958-05-01,1958,5,28.243045783190993,80.56515773338607,1011.2496118012423,0.568335262345679,3.4425681785300926
1958-06-01,1958,6,28.63475356867284,83.42326495398773,1009.5076721556886,1.5188640663009918,4.666426424494761
1958-07-01,1958,7,28.583391462053573,82.17189881859755,1008.8895155325444,1.8644990638868344,4.844342293823964
1958-08-01,1958,8,28.950954169984076,81.2142476663961,1009.3728649068323,0.797765506720691,4.91317192413522
1958-09-01,1958,9,28.959402484094312,83.06320006588855,1008.9077380952381,1.2041094643729073,5.066630045572917
1958-10-01,1958,10,28.52364353775289,81.66469472543352,1009.2534722222222,-0.7623680864455383,4.943894226427023
1958-11-01,1958,11,27.605091305598158,81.09870515046296,1011.3401073619632,-2.7527593132908357,4.642910635544479
1958-12-01,1958,12,27.000551188650306,79.97086292613636,1012.7799322289156,-2.5629076408617424,4.177074018731175
1959-01-01,1959,1,25.96208263578869,76.68428793298193,1014.779004491018,-3.6838673182896207,4.466032482328869
1959-02-01,1959,2,26.0988662047956,79.82086141748366,1014.8573113207547,-2.505910429564662,3.509519929339172
1959-03-01,1959,3,26.000238257718372,80.5182510003811,1013.6006324404761,-2.530950273786272,4.119849515248494
1959-04-01,1959,4,27.15798875762195,80.35921223958333,1012.2411521084338,-0.654998779296875,3.4957407756024095
1959-05-01,1959,5,28.058021496815286,80.74899233678345,1011.225,-0.010247898101806641,3.8768341064453127
1959-06-01,1959,6,29.255060643325617,81.12589003164557,1010.6897727272727,1.6702452868950077,3.8597203696646343
1959-07-01,1959,7,29.3154892339939,80.35238424161585,1009.4384356287425,1.5972042992001487,4.782108851841518
1959-08-01,1959,8,29.080621337890626,81.42798318073248,1007.8553734756098,2.0419531101133765,5.3773982350419205
1959-09-01,1959,9,29.08189131573933,81.13143205054013,1008.4464015151515,0.47812315044981063,4.865204601753049
1959-10-01,1959,10,28.611903278374232,81.39192708333333,1010.7291349085366,-0.612559248761433,4.349966653963414
1959-11-01,1959,11,28.027361723542946,81.07057495117188,1010.0750575153374,-1.7970707590987043,4.752684067234848
1959-12-01,1959,12,27.390422039721386,81.18187594126506,1011.982129491018,-2.966944528910928,4.480199756736527
1960-01-01,1960,1,26.391820549242425,79.04529794254658,1013.6015625,-3.122742071384337,4.236377857349537
1960-02-01,1960,2,26.223697916666666,79.59446455792683,1013.9689382530121,-3.4362031867705194,4.736704631024097
1960-03-01,1960,3,26.876059422348487,79.02683715820312,1012.2974363772455,-1.0834108455452376,3.696362158495509
1960-04-01,1960,4,27.556119791666667,81.35516319976993,1011.6882575757576,-0.7099373557350852,3.704811789772727
1960-05-01,1960,5,28.651584532202744,80.48691042313665,1010.284775152439,0.24561179556497714,3.9615493402248476
1960-06-01,1960,6,28.716317580521473,81.79188907220497,1009.7133819018405,1.9798789931221243,4.6146846841449385
1960-07-01,1960,7,29.33258846507353,80.9836866999247,1009.332078313253,1.218074109180864,4.540322912744729
1960-08-01,1960,8,28.975365615472562,83.4744880628882,1007.5470655487804,3.0383553853849086,5.806676352896342
1960-09-01,1960,9,28.978087625385804,81.64378375771605,1009.2995883233533,0.2953907858111901,5.009539027413922
1960-10-01,1960,10,28.43022629310345,82.17598684210526,1009.5245796783626,-0.35432550084521197,5.0481947954963236
1960-11-01,1960,11,28.172668087121213,81.63493337806749,1011.9253576807229,-2.5506602827324927,4.565013471856175
1960-12-01,1960,12,27.277514215051774,81.2762920673077,1012.5857536764706,-3.1874091653262866,4.620549460018382
1961-01-01,1961,1,26.318794710090362,79.38843513257575,1013.5202095808384,-4.424998823418675,4.9472729345995505
1961-02-01,1961,2,26.488868350074405,80.77449100378787,1012.6564349112426,-2.7976903068948777,4.151156470889137
1961-03-01,1961,3,26.783145857445987,80.95336155861801,1013.696606595092,-2.211409679951112,4.142538941936729
1961-04-01,1961,4,27.648372788027107,81.06540601325757,1011.9734281437126,-1.041016355959955,3.8065397525261977
1961-05-01,1961,5,28.41772607129491,82.595703125,1010.6150823353294,0.6017382044992047,4.27496337890625
1961-06-01,1961,6,29.12286649084395,80.69611378205128,1008.4896484375,1.9674549932065217,4.735991483889752
1961-07-01,1961,7,28.95198853252924,81.68952501917178,1008.4504595588236,2.1129426843979777,5.116424919577206
1961-08-01,1961,8,29.06545015437874,82.63722826086956,1007.8205915178571,2.3873232886904763,5.640437534877232
1961-09-01,1961,9,28.843394338348766,82.29869914504717,1007.7218174846626,1.687670374209164,5.303637545532975
1961-10-01,1961,10,28.5099990172956,81.21077577627389,1008.9880681818182,-0.8090832407881574,4.8605675899621215
1961-11-01,1961,11,27.91059802827381,80.10120239257813,1012.3575148809524,-2.8205306374815087,3.7088341346153846
1961-12-01,1961,12,27.188639322916668,79.43492379217791,1012.244386227545,-3.3388609743403816,4.436710219785391
1962-01-01,1962,1,26.2796418880988,77.73789886106928,1012.5813609467456,-4.186329136233358,4.833088711168639
1962-02-01,1962,2,25.837249755859375,78.30892553084936,1014.4999029503106,-4.015214813421972,4.760212963412267
1962-03-01,1962,3,26.416608537946427,80.44721827651514,1013.296052631579,-2.3321033500091373,4.405846449908088
1962-04-01,1962,4,27.43465322818396,80.78382056451613,1011.2717391304348,-1.3755258121845886,4.247170394992236
1962-05-01,1962,5,28.46676710175305,81.36393026979813,1010.7690135542168,0.4892783107527767,3.6849056381777108
1962-06-01,1962,6,29.195547708650913,80.7954602363782,1010.0272239263803,1.6820749422399008,4.383402631326687
1962-07-01,1962,7,29.089210464015153,82.48995361328124,1007.470599112426,2.5617762458394973,5.688725036982248
1962-08-01,1962,8,29.11215016811709,80.81629136029412,1009.6649960691824,1.3071269035339355,5.078717041015625
1962-09-01,1962,9,28.91161164314516,82.51211465371621,1008.596894654088,1.3176753206073113,5.102486856328617
1962-10-01,1962,10,28.566725742669753,81.36134666732595,1009.7791539634146,-0.7935963142208937,4.712770043349847
1962-11-01,1962,11,27.872023956685126,82.3594491693038,1011.1501953125,-2.8462946385513117,4.537232203513199
1962-12-01,1962,12,27.06993408203125,78.58975666799363,1012.963446969697,-4.1293915719696965,4.677678487387048
1963-01-01,1963,1,26.07781007303994,75.24723011363636,1012.8933823529412,-4.327527932559742,4.901731962316177
1963-02-01,1963,2,25.447329313858695,77.20385425121754,1014.9294478527607,-4.00288250694977,4.782785240126533
1963-03-01,1963,3,25.945030449340063,78.56748427353897,1013.2800038343559,-2.7711638468174846,4.5361492882476995
1963-04-01,1963,4,26.828281018860945,80.16682443443251,1011.8524513473054,-1.9115553073540419,4.046668869292665
1963-05-01,1963,5,28.073293887867646,80.4447253642638,1010.4239889705882,-0.3122920316808364,4.029375861672794
1963-06-01,1963,6,28.51359293132485,83.1877500952744,1008.9129865269462,1.8265289489380614,5.232294687967815
1963-07-01,1963,7,28.651264236634034,82.15150063082298,1008.8499053030303,1.3953634974468185,5.119842161615211
1963-08-01,1963,8,29.011452414772727,82.48729850672468,1008.5378388554217,1.53448662035393,4.840321736163403
1963-09-01,1963,9,28.97289156626506,83.1866240530303,1008.7751150306749,1.24557754054214,5.166825995387801
1963-10-01,1963,10,28.521697443181818,80.53143687307099,1009.7037799401197,-1.419040428664156,4.482595843469311
1963-11-01,1963,11,28.235677083333332,79.05350932459677,1012.9975076687117,-2.3218996012869058,3.996280974405675
1963-12-01,1963,12,27.46534416246118,80.16148337339743,1013.0389660493827,-3.2242052031726374,4.531666825457317
1964-01-01,1964,1,26.70168662932982,78.58602403085443,1014.2337200598803,-2.9829328160086077,3.75504508561003
1964-02-01,1964,2,26.151029829545454,79.24046924446202,1014.6119011976048,-4.277890124952937,4.7700122216504495
1964-03-01,1964,3,26.253067484662576,79.28690314440993,1013.5275342987804,-2.6328646031821648,4.1566712914443595
1964-04-01,1964,4,27.367528708584338,81.63030133928571,1012.4073660714286,-1.2628388715213572,4.021854197485207
1964-05-01,1964,5,28.22642637310606,82.0635830965909,1009.5697477409639,0.20891782461878766,4.6041627447289155
1964-06-01,1964,6,29.01273170613354,81.1257560483871,1009.54658203125,1.708251953125,4.353709411621094
1964-07-01,1964,7,29.049629870756174,80.91064146029875,1009.6284937888199,1.4872066900596856,4.614874987868789
1964-08-01,1964,8,28.9152390813253,82.67340615354938,1007.5969893292682,2.2798192094012006,5.506057367092225
1964-09-01,1964,9,28.99759258801424,82.43052099920382,1008.933064516129,0.8011411835875692,5.099328149723101
1964-10-01,1964,10,28.725151576878833,81.99625048225309,1009.9849397590361,-0.12017877417874623,4.699348958333333
1964-11-01,1964,11,27.996686876917177,80.7956012228261,1009.9329545454545,-2.361270788944129,4.720082352801067
1964-12-01,1964,12,26.93788827183735,79.86313746165644,1012.178624260355,-3.298992450420673,4.710024500739645
1965-01-01,1965,1,25.940586737024855,77.6358283547794,1012.9656432748538,-3.6937402200977703,4.624971611555233
1965-02-01,1965,2,26.02702404203869,79.10055085142216,1012.5859375,-2.8415960729474854,4.272160456730769
1965-03-01,1965,3,26.100731826410062,79.33001821319019,1012.9779356060606,-2.1554524739583334,4.048443418560606
1965-04-01,1965,4,27.264567057291668,80.87586805555556,1012.1662193251534,-0.48975409531011815,3.9570132764570554
1965-05-01,1965,5,28.231189546130953,80.63151041666667,1010.7560661764705,0.5181086613581731,4.056422334558824
1965-06-01,1965,6,28.482011603180474,82.28078218562874,1010.6164016272189,2.083433975129438,4.72067278799926
1965-07-01,1965,7,28.50601050967262,82.78797483158682,1008.6465421597633,1.5291193345013787,4.981142290900736
1965-08-01,1965,8,29.02736659356725,80.89293220029239,1009.234738372093,1.4237228216126907,4.681925928869913
1965-09-01,1965,9,28.96680864081325,80.89394648203593,1008.7524326347306,0.9497624928365924,5.038275987088324
1965-10-01,1965,10,28.524337584713855,80.36701206961078,1010.5991443452381,-1.429462886991955,4.494595482235863
1965-11-01,1965,11,28.26783108998494,81.11501670745481,1012.724363772455,-2.5447292670518338,4.274216703312126
1965-12-01,1965,12,27.16970229289941,80.76822136976048,1013.20625,-3.5602923224954046,4.340200570913462
1966-01-01,1966,1,26.370177861501478,78.42229434742647,1015.1325367647058,-3.1128220502068014,3.787014590992647
1966-02-01,1966,2,26.325201023391813,79.70887974330357,1013.8324195906433,-2.404559754488761,3.763697574013158
1966-03-01,1966,3,26.682605630547336,80.03506905691964,1012.3130580357143,-0.8702959333147321,3.567812965029762
1966-04-01,1966,4,27.57981945219494,80.40823201738165,1011.9494047619048,-0.5185183914455437,3.4881223419008878
1966-05-01,1966,5,28.297619047619047,80.9141549556213,1010.7451923076923,0.7188187096951276,4.329546505177515
1966-06-01,1966,6,29.19367705195783,81.2060846434049,1010.6829268292682,1.7345750390029535,4.333497582412347
1966-07-01,1966,7,29.35572171498494,81.47808227539062,1008.7426188650306,1.2601242533490702,4.880946247124233
1966-08-01,1966,8,29.447622903963413,81.7030291411043,1008.3618827160494,1.7464434851898005,5.342292645226227
1966-09-01,1966,9,29.076767339939025,81.86353443287037,1008.180830792683,1.1092087350240567,5.546298887671494
1966-10-01,1966,10,28.949395237198797,80.4360998682229,1010.2030314371258,-1.7436510645700787,4.426895232971557
1966-11-01,1966,11,28.3557227691474,80.9859988190407,1010.9171511627907,-2.6227310535519623,4.537529917810693
1966-12-01,1966,12,27.50040832876462,81.09934895833334,1011.4913602941176,-2.9878805721507353,4.7905517578125
1967-01-01,1967,1,26.30670668658088,80.19105954142012,1013.231323964497,-4.651832354844674,4.8751069018121305
1967-02-01,1967,2,26.047428956505847,79.90749909156976,1013.2764071637426,-3.898486470067224,4.598211244095204
1967-03-01,1967,3,25.996337890625,80.46171875,1012.3658088235294,-2.8707042020909928,4.354386730306953
1967-04-01,1967,4,27.1897643686038,81.16273959847383,1012.1099200581396,-1.157904868902162,3.91680908203125
1967-05-01,1967,5,28.471868146929825,80.83035224780701,1009.7022165697674,0.6120950565781704,3.930763422056686
1967-06-01,1967,6,29.184637965926203,81.883186751497,1008.311377245509,2.114823659261068,4.491622198195684
1967-07-01,1967,7,29.12701594480994,82.22876838235294,1007.0274345930233,2.322429679032695,5.361806527727601
1967-08-01,1967,8,29.02181275127924,82.73876953125,1007.2188419117647,2.1252644856770835,5.501130756578948
1967-09-01,1967,9,29.009405226934526,82.32053079044118,1007.4019970414201,1.318818493002265,5.254081456801471
1967-10-01,1967,10,28.472924661915204,81.66089589497041,1010.0386029411765,-1.050817032306515,4.797617415935672
1967-11-01,1967,11,27.59207911849711,81.82827741148844,1011.8399566473988,-2.9224839403450145,4.382037741600434
1967-12-01,1967,12,26.692513950892856,79.87080357142857,1013.6814630681819,-3.694969656808036,4.497101004464286
1968-01-01,1968,1,25.91181240862573,78.92276589912281,1012.4010115606936,-4.221674748238801,4.810354949421965
1968-02-01,1968,2,25.54362259788075,78.09248159123563,1014.1352370689655,-3.9325273886494254,4.890763907596983
1968-03-01,1968,3,25.9080810546875,81.71105742872807,1012.9440406976744,-1.8684864487758903,4.022047885628634
1968-04-01,1968,4,26.902294921875,80.35082579495614,1012.3555372807018,-1.6967819838495979,3.977730377375731
1968-05-01,1968,5,28.282574926900583,80.40230928308823,1010.4936038011696,0.7322238676729258,3.582413879751462
1968-06-01,1968,6,29.291378181137723,80.0718964367378,1010.5362723214286,1.387966407273344,4.35777926157756
1968-07-01,1968,7,29.37613060360863,82.14126824476048,1008.2287946428571,2.6305935650887573,5.209417760724852
1968-08-01,1968,8,29.095206176035504,82.91829812315089,1007.7444852941177,2.428531422334559,5.6905474494485295
1968-09-01,1968,9,28.670404511380056,83.07670557776163,1008.0813953488372,1.5064925701297514,5.286000806231831
1968-10-01,1968,10,28.54022988505747,79.98606846098266,1010.6144037356322,-1.5899405643857758,4.309156395923132
1968-11-01,1968,11,27.792849518531977,81.15052849264706,1012.0664970930233,-2.7277303296466204,4.434259459029796
1968-12-01,1968,12,27.066684456758722,78.82088026889535,1012.3639171511628,-3.576568603515625,3.930178620094477
1969-01-01,1969,1,26.435115370639537,78.60111964026163,1012.8679142441861,-2.8659288273301233,4.027870355650436
1969-02-01,1969,2,26.131167763157894,78.50983375726744,1013.4682049418604,-2.8335821780166186,3.691284885296243
1969-03-01,1969,3,26.492931146731323,79.79535964439656,1013.8509339080459,-1.8592511758036998,3.7631751751077585
1969-04-01,1969,4,27.621803461119185,80.76994485294118,1013.0606831395348,-1.0314598752741229,3.570885946584302
1969-05-01,1969,5,28.595908717105264,81.35784448099415,1010.7587719298245,0.7428504588992096,3.964500249818314
1969-06-01,1969,6,29.195424275225903,81.0690400094697,1010.4827844311377,1.6652425743011108,4.591616675967262
1969-07-01,1969,7,29.28343023255814,81.47669876453489,1009.302835982659,1.9490187099214233,5.064113021585983
1969-08-01,1969,8,29.250537986526947,80.35357445406626,1010.4850299401197,1.1443468729654949,4.405908493768601
1969-09-01,1969,9,29.40730651498538,82.30463039108187,1007.8690606725146,0.8449727554767452,5.179479052448831
1969-10-01,1969,10,29.151170161732455,80.2180875365497,1010.4240679824561,-0.6970567591050092,4.350831505847953
1969-11-01,1969,11,28.315418061755953,80.52090545471557,1011.4510788690476,-3.0311290196010043,4.617222377232143
1969-12-01,1969,12,27.34122864126462,82.24065452398256,1012.8037790697674,-3.50133425690407,5.084259742914244
1970-01-01,1970,1,26.643118106617646,78.57273946005917,1013.7455882352941,-3.409763111787684,4.642901252297794
1970-02-01,1970,2,26.25456300255848,80.06158589207848,1013.9186046511628,-3.3019866051032527,4.720879133357558
1970-03-01,1970,3,26.82264446390086,80.4063813505117,1012.8153161337209,-2.0231562385782165,4.071128216911765
1970-04-01,1970,4,27.570708325628697,80.05054292224702,1012.9530325443787,-1.3981047861674833,3.7662245169193787
1970-05-01,1970,5,28.79005916819853,79.54701286764706,1011.0227941176471,0.19670823041130514,3.608777573529412
1970-06-01,1970,6,29.45372596153846,80.14487041541916,1010.3239644970414,1.1362151196722448,4.477474054641272
1970-07-01,1970,7,29.476938763786766,80.7099609375,1009.0507352941177,2.4446482938878678,4.846424057904412
1970-08-01,1970,8,29.293778582317074,82.38266782407408,1007.9162538109756,2.5393918665443977,5.6615421946455795
1970-09-01,1970,9,29.192890850794797,81.68781611271676,1008.8923410404624,1.212660243745484,5.176836840679191
1970-10-01,1970,10,28.922153206758722,81.87246436403508,1009.5462390988372,-0.9019168587618096,4.915073128633721
1970-11-01,1970,11,28.254798139450866,80.8525847496345,1011.1786488439307,-2.9022523736678107,4.727702763728324
1970-12-01,1970,12,27.571886160714286,81.08367210210756,1011.7241379310345,-3.5859171549479165,4.522368332435345
1971-01-01,1971,1,26.57380185489766,77.59817631286982,1012.0307049418604,-4.125174129710478,4.773064864309211
1971-02-01,1971,2,26.068942440257352,80.3064557137574,1012.0381433823529,-3.9333510454963236,4.8981890510110295
1971-03-01,1971,3,26.343450178179825,80.7987824378655,1011.828581871345,-2.9667815269782527,4.798199926900585
1971-04-01,1971,4,27.25775637571839,81.10634311409883,1010.0661817528736,-1.0024689422256645,4.149380387931035
1971-05-01,1971,5,28.23906760992006,81.2958059818787,1010.0836664244187,0.28430415308752727,4.477280727652616
1971-06-01,1971,6,28.900930005450583,80.57830774853801,1009.968386627907,1.5999434715093568,4.5807679642078485
1971-07-01,1971,7,28.782983255665204,81.88923572358631,1008.105105377907,2.5509325958961666,5.480771086936773
1971-08-01,1971,8,28.938439870845375,79.98172104779412,1009.3973473837209,1.4071522202602653,4.806941542514535
1971-09-01,1971,9,29.21976677389706,80.2231677827381,1008.4071691176471,1.1455571581745705,4.994694581505848
1971-10-01,1971,10,28.419126998546513,81.23388671875,1010.4237827034884,-1.0355795926825946,5.009842273800872
1971-11-01,1971,11,27.877737862723215,80.73288384169162,1011.3263473053893,-2.8815454755510603,4.781494140625
1971-12-01,1971,12,27.13000274122807,79.83289866727941,1012.4347587719299,-4.273506030701754,4.574211611385234
1972-01-01,1972,1,26.237115119485296,79.48029436383929,1012.4889705882352,-4.005174345128676,5.0023193359375
1972-02-01,1972,2,26.063866024925595,78.4601844879518,1011.6091867469879,-2.5991545527814384,4.002963514213103
1972-03-01,1972,3,26.01159740199704,78.3922660872781,1012.9232536764706,-3.0615859087775736,4.368783030790441
1972-04-01,1972,4,26.7394167877907,79.1829769736842,1012.8096838662791,-1.6868589534315952,3.794146870457849
1972-05-01,1972,5,28.02993828587278,80.27450073964496,1010.4055147058823,0.2188250373391544,3.8158404181985293
1972-06-01,1972,6,28.795572916666668,80.68664762463872,1008.9393857758621,0.7685651231086117,4.327389787946428
1972-07-01,1972,7,28.47397546600877,83.88123629385964,1005.5645893895348,3.5235485697901527,5.656343681867733
1972-08-01,1972,8,28.430412698779588,81.80291350776628,1009.3420857988166,1.864912947254068,5.055903843470982
1972-09-01,1972,9,28.830809135657514,80.96295836343931,1009.292088150289,-0.10942033536172327,4.512099778721098
1972-10-01,1972,10,28.773753612716764,79.90925917514535,1011.0393786127167,-1.76502734939487,4.16584769011922
1972-11-01,1972,11,28.043563667385058,80.30399318099711,1012.8223778735633,-2.7546534044989226,4.248811568336925
1972-12-01,1972,12,27.05534415409483,80.04272037572254,1014.109375,-3.0037336678340516,4.252251986799569
1973-01-01,1973,1,26.393528837316175,77.85082579495614,1014.2554824561404,-2.6061972456368787,3.757265682108918
1973-02-01,1973,2,26.22776309742647,78.52643037683823,1015.1511029411764,-2.200998104319853,3.6740751378676473
1973-03-01,1973,3,26.512341237207604,78.34524356617646,1013.8110465116279,-2.3412263212148208,3.789486907249273
1973-04-01,1973,4,27.28494117373512,80.31898716517857,1012.577302631579,-0.24703358494958214,3.49352813185307
1973-05-01,1973,5,28.672032887350298,78.6150108245482,1011.440494011976,0.853714811587762,3.6107375093562872
1973-06-01,1973,6,29.293312569341715,79.4981689453125,1010.0133136094674,1.9877536028799927,4.54314643814719
1973-07-01,1973,7,29.106919399527616,80.89293220029239,1009.0396075581396,2.3462222786836846,5.019717194313227
1973-08-01,1973,8,29.27282284007353,80.88524241727941,1009.3079044117648,1.88447265625,5.569957778033088
1973-09-01,1973,9,29.157894736842106,81.09226493158285,1011.516264619883,0.3582959343405331,4.754344560946637
1973-10-01,1973,10,28.721738164296408,81.6896484375,1009.6341691616766,-0.5544888616322043,5.089709913874247
1973-11-01,1973,11,28.1573855377907,80.29339890252976,1011.2403706395348,-3.05459133414335,4.673791220021802
1973-12-01,1973,12,27.33999885110294,80.05324897080838,1012.2953216374269,-3.901468434053309,4.812244437591374
1974-01-01,1974,1,26.28628043241279,77.20877757352942,1011.1731468023256,-3.9451141357421875,4.522047885628634
1974-02-01,1974,2,26.21662929918639,79.30413781811377,1012.3264705882353,-3.8955860811121323,4.457599954044118
1974-03-01,1974,3,26.24578328215318,79.7640739889706,1012.7075505780347,-3.313409176865065,4.4872425939306355
1974-04-01,1974,4,27.10053104197485,81.18188770707832,1011.4023668639053,-1.1072171002450073,3.9573519554363905
1974-05-01,1974,5,28.248889231542396,80.1215089352545,1010.53125,0.22421220032095213,4.345570346765351
1974-06-01,1974,6,28.680781016092816,81.02922541920732,1008.5434131736527,1.6176209222702753,4.5940130324590776
1974-07-01,1974,7,29.040237883607784,79.90860098379629,1009.0648674242424,1.7331151905174027,4.616828642695783
1974-08-01,1974,8,29.08946814903846,82.66336580602135,1006.6693786982248,2.9497662712545956,5.932309857536764
1974-09-01,1974,9,29.067501905487806,80.29307861328125,1009.4846590909091,0.5575022813750476,4.564585615948933
1974-10-01,1974,10,28.77982536764706,81.58429028614458,1009.0722426470588,-0.2946455114028033,5.24348575367647
1974-11-01,1974,11,28.00678739491959,81.77465526167168,1009.9029605263158,-1.6172919778262869,4.55492735745614
1974-12-01,1974,12,26.952621832126525,80.66057739257812,1012.5119318181818,-3.9882615140812128,4.731095913641467
1975-01-01,1975,1,26.47532863959581,79.46079042733433,1013.7308407738095,-4.0621999104817705,4.7413770686945265
1975-02-01,1975,2,26.19420303254438,77.50417686370481,1013.7087647928994,-2.933429424579327,3.8999601285133134
1975-03-01,1975,3,26.748889231542396,79.42116477272727,1012.6127558479532,-1.526547794453582,3.8917757447002925
1975-04-01,1975,4,27.518511090959823,80.32940112154908,1011.9824101796407,-0.7293996296956867,3.905940072979042
1975-05-01,1975,5,28.770295266544117,79.33775366806402,1010.5359933035714,0.836847396123977,3.8255528041294644
1975-06-01,1975,6,29.108362926136362,79.68737102004717,1010.098768939394,1.6446402676134224,4.578867716961597
1975-07-01,1975,7,29.199814214939025,80.33922066717791,1009.4509858630952,1.5159540630522228,4.927334740048363
1975-08-01,1975,8,28.839574455492425,82.56145065023291,1008.0982954545455,2.9164865204782195,5.686021839488636
1975-09-01,1975,9,28.903112719872755,80.14130015432099,1009.6674775449102,0.516409228661817,4.826904296875
1975-10-01,1975,10,28.688887746710527,81.42436290922619,1009.6415229885057,-0.2670097789545169,5.077546919899425
1975-11-01,1975,11,28.05905024963018,79.78409036775915,1010.7965073529411,-2.9405828107867324,4.757855331688597
1975-12-01,1975,12,27.067394649621214,80.54932861328125,1012.5292733433735,-3.993595030249619,4.799959113798946
1976-01-01,1976,1,26.124755859375,78.4144125884434,1012.9165419161677,-4.58684321812221,4.824366978236607
1976-02-01,1976,2,25.864503380847953,79.23921587423312,1012.5861235119048,-2.942837867511095,4.173326842178255
1976-03-01,1976,3,26.443702980324073,79.71324910996836,1012.3888036809816,-2.789449180044779,3.683989167944785
1976-04-01,1976,4,27.31900756122076,80.34507193216463,1011.935294117647,-1.036606994985837,3.8596034356725144
1976-05-01,1976,5,28.087604088697606,81.73328993055556,1009.6839657738095,1.1733353024437314,4.564243861607143
1976-06-01,1976,6,28.501763556985296,81.66313386694786,1009.5855214497042,1.8829011634962094,4.6715528499445265
1976-07-01,1976,7,28.709162729229043,81.93946518132717,1009.1804827844311,2.192290708243129,4.789777378836078
1976-08-01,1976,8,28.774849714633234,81.5222373870482,1009.6005917159763,1.2111995491438996,5.086344882581361
1976-09-01,1976,9,28.83321200284091,81.67786018980061,1008.4182545731708,1.0686251703136695,5.128697195452844
1976-10-01,1976,10,28.857823988970587,79.52733212425595,1011.7300551470588,-1.2688217163085938,3.9658404181985296
1976-11-01,1976,11,27.99198761878655,80.46431884765624,1011.7705838323353,-2.85856071061003,4.556247368544161
1976-12-01,1976,12,27.079089725378786,80.31315718356919,1012.4508659638554,-3.3901187023484565,4.587308217243976
1977-01-01,1977,1,26.403089488636365,79.85585694875776,1012.5078598484848,-3.3678291045039535,4.784298816359187
1977-02-01,1977,2,25.885326137204142,79.54378255208333,1014.2957655325444,-4.476046076791729,4.761872791108631
1977-03-01,1977,3,26.09233940972222,79.46419862689395,1015.1121323529412,-3.6552605879934212,3.930547736672794
1977-04-01,1977,4,27.084261741863905,79.548453873503,1012.9889053254437,-1.2146457447725183,3.2378247503698225
1977-05-01,1977,5,28.388512021019345,79.53783724767081,1011.030040922619,0.9139305296398345,3.5975930606617648
1977-06-01,1977,6,29.126011439732142,79.08584763228528,1010.2672991071429,1.7844987677399224,4.208786190257353
1977-07-01,1977,7,29.160121163922156,80.66558425996932,1008.3323353293413,2.2161925179617747,5.1184198288690474
1977-08-01,1977,8,29.27215393431886,81.6449462890625,1008.3018973214286,2.457978021530878,5.249664848372781
1977-09-01,1977,9,28.936748798076923,82.01661318824405,1008.3145220588235,1.4383545819450827,5.529372989430147
1977-10-01,1977,10,28.608161519970412,80.26498394363497,1010.6360294117648,-2.0662331973805146,4.499964306926169
1977-11-01,1977,11,27.87994454920977,80.32539755917159,1012.063757183908,-2.9397109459186423,4.52076465408237
1977-12-01,1977,12,26.990119485294116,78.49870196040372,1013.5470588235294,-3.7734694536994486,4.1270263671875
1978-01-01,1978,1,26.303762637867646,77.73587200598803,1013.8782703488372,-3.7136610164198767,4.380771370821221
1978-02-01,1978,2,25.95128570743865,78.07478994693396,1015.5534638554217,-3.6453317353219696,4.109592667545181
1978-03-01,1978,3,26.668699727255916,80.48964251893939,1013.6730559593024,-1.391292257869945,3.505185149436773
1978-04-01,1978,4,27.507041073409763,80.4420195788872,1012.3666789940828,-0.7883017021313048,3.7781939338235295
1978-05-01,1978,5,28.49431020770958,80.2529892339939,1010.1522267964071,0.11431336545658682,4.072250917733434
1978-06-01,1978,6,29.154594089673914,80.63994791666667,1009.5411585365854,1.594111530327358,4.844411590952932
1978-07-01,1978,7,29.26337139423077,80.49403661242603,1007.7866124260355,2.304014285881362,5.346707135262574
1978-08-01,1978,8,28.88239731474551,83.28139619199102,1007.9460891812865,2.2224135454963236,5.681731100643383
1978-09-01,1978,9,28.932024274553573,81.71031821646342,1008.8809171597633,0.664084891595784,5.334669404871324
1978-10-01,1978,10,28.494468060661763,81.5523578689759,1009.1082655325444,-1.070351006002987,5.182907284007353
1978-11-01,1978,11,27.704825367647057,80.78053977272727,1011.5188230994152,-3.215292178883272,4.866827789848373
1978-12-01,1978,12,26.964623600072255,80.14399646577381,1013.8880057803468,-4.019535130848086,4.420177305364884
1979-01-01,1979,1,26.473330543154763,79.44299242424242,1014.3003883136095,-3.499760945638021,3.962096084504438
1979-02-01,1979,2,26.298084347747093,79.48278014053254,1013.1730628654971,-2.2535068445038378,3.895842428768382
1979-03-01,1979,3,26.662149118822676,79.36661783854167,1012.6803728070175,-1.3429977416992187,3.884838015534157
1979-04-01,1979,4,27.411258537612277,80.43619384765626,1012.411580882353,-0.7949979894301471,3.9081959443933822
1979-05-01,1979,5,28.236918604651162,80.57539998128742,1010.8491379310345,1.0889042319589957,4.216726314125722
1979-06-01,1979,6,28.940184030473603,80.19353465544872,1010.5857971556886,0.7625317860798664,4.4084502249053035
1979-07-01,1979,7,29.14041697485207,80.74839868012423,1010.0211723372781,2.071668715704055,4.698771158854167
1979-08-01,1979,8,28.99286709612573,81.65863585329342,1008.1385233918129,2.405966953924525,5.307564361750731
1979-09-01,1979,9,29.288256268168606,80.00054968188623,1009.8898074127907,0.10098976312681686,4.790080225744913
1979-10-01,1979,10,28.351065551035504,80.92843868371212,1010.1913602941177,-1.414317836422892,4.946428366268383
1979-11-01,1979,11,27.720177722953217,81.29994419642857,1011.5670687134503,-3.735962984854715,4.730363098501462
1979-12-01,1979,12,26.971067169008876,79.01329308712121,1013.5077205882353,-4.080641361705044,4.619834498355263
1980-01-01,1980,1,26.209706802814328,78.48626418340774,1013.3667332848837,-3.8948240058366643,4.50984369322311
1980-02-01,1980,2,25.98023914155506,79.4487537202381,1014.4027573529412,-3.9455606133274777,4.497012867647059
1980-03-01,1980,3,26.49005629595588,79.6613975432982,1013.7705592105264,-2.5903467577557233,3.8666178385416665
1980-04-01,1980,4,27.260463980741278,80.86153058307927,1012.4067887931035,-1.6000555630387931,3.8229517443426726
1980-05-01,1980,5,28.167812731139055,81.66846908757717,1010.8132352941177,0.27041329776539524,4.350250422605995
1980-06-01,1980,6,29.072516904239766,81.09019507431402,1011.0407529239766,0.43912465948807566,4.418556390806686
1980-07-01,1980,7,29.15603619637574,82.12939752684049,1009.8003676470588,1.663552910618528,4.738421378051036
1980-08-01,1980,8,29.486196319018404,80.95188551682692,1009.5134469696969,1.5147897431344697,4.696300971798781
1980-09-01,1980,9,29.3517578125,81.45578508435582,1008.5162799401197,0.8856385202118845,5.549066417945359
1980-10-01,1980,10,28.93383058102545,81.21182861328126,1010.9618675595239,-1.235447135514128,4.7373046875
1980-11-01,1980,11,28.287650602409638,80.71970847800925,1011.6517857142857,-2.0986885797409784,4.2251108135291915
1980-12-01,1980,12,27.46153846153846,79.36419270833333,1012.1710621387283,-3.858370758766352,4.927133196351156
1981-01-01,1981,1,26.3298828125,78.55638300421779,1013.9018640350877,-4.605586152918199,5.285829790900736
1981-02-01,1981,2,26.338881548713236,79.95797164351852,1013.8430103550296,-3.056427001953125,4.433882940383184
1981-03-01,1981,3,26.63958812040441,80.3416650690184,1014.4297794117647,-2.131832325952293,3.476128156795058
1981-04-01,1981,4,27.94047619047619,80.0011671112805,1012.6304505813954,-0.5429220813059668,3.582314165900735
1981-05-01,1981,5,28.85452415829613,80.35311387460443,1010.8856956845239,0.0002978623971431213,4.223177955264137
1981-06-01,1981,6,29.199134355709877,81.12413832720588,1009.7454044117648,1.9904135311351103,4.828367696005917
1981-07-01,1981,7,29.283516589506174,81.76827566964286,1009.1669161676647,1.9761093048278444,5.424051675451807
1981-08-01,1981,8,29.09705031061747,82.96410672169812,1006.6891642011834,3.083788629114275,5.538659958612351
1981-09-01,1981,9,29.120181129092263,80.87907313093355,1009.7109375,0.32181473224483736,4.729372989430147
1981-10-01,1981,10,28.95831372364458,80.92976028726709,1010.3643973214286,-1.3620821634928386,4.7076910109747026
1981-11-01,1981,11,28.27450073964497,80.95280777269109,1011.6279585798817,-2.9114692239200366,4.822761044864766
1981-12-01,1981,12,27.158477247807017,80.01168258101852,1013.0396139705882,-4.130056280838816,5.0387853285845585
1982-01-01,1982,1,26.34227638473054,77.66577906638199,1013.7669427710844,-4.006345463370135,4.742821103050595
1982-02-01,1982,2,26.110232331031977,78.53798408742331,1013.3417514534884,-3.33401027945585,4.392399277797965
1982-03-01,1982,3,26.620770155325445,79.20823795780255,1012.8018043154761,-2.205447625257298,3.8186255765248496
1982-04-01,1982,4,27.088824103860293,78.54722419507576,1012.8799632352941,-1.6043840374862939,4.059607433296784
1982-05-01,1982,5,28.296271149223372,79.8943553474379,1011.4202398255813,-0.02970529299730446,4.233680902525436
1982-06-01,1982,6,28.914283389136905,80.71612439184132,1009.8077566964286,1.5707168579101562,4.876745314825149
1982-07-01,1982,7,28.886606297348486,81.71372099550898,1008.1465073529412,2.3771782370174632,4.9987978572733915
1982-08-01,1982,8,28.858271846064813,82.35408787818471,1008.6016555059524,2.0857754661923362,5.160316602718195
1982-09-01,1982,9,28.722620522103657,82.66912342767296,1008.8894013554217,0.7524718319077089,4.956590032003012
1982-10-01,1982,10,28.589823404947918,80.01755355738993,1010.3922991071429,-1.029284159342448,4.387986234562126
1982-11-01,1982,11,27.94846176960059,81.0415615295031,1012.5424632352941,-3.002660627195821,4.252912454044117
1982-12-01,1982,12,27.056954724049707,80.9484375,1014.6141264619883,-2.748115270278033,4.382897231158088
1983-01-01,1983,1,26.20959612966954,78.36866732170246,1016.3637354651163,-3.2270669169809625,4.264696418894508
1983-02-01,1983,2,25.823631649925595,77.70557861328125,1015.9657914201183,-1.083193446052145,3.5070598534578403
1983-03-01,1983,3,26.237602919161677,78.68856309335443,1015.5509672619048,-0.8910691397530692,3.727937244233631
1983-04-01,1983,4,27.279762042344675,79.60057388117283,1013.6339546783626,-0.2954686781939338,3.159123347355769
1983-05-01,1983,5,28.09845945821006,79.05483041158537,1012.2784763313609,0.9288573667227503,3.618895039755917
1983-06-01,1983,6,28.96987951807229,79.12704133064516,1010.595247005988,2.0353349165482952,3.8830934087914155
1983-07-01,1983,7,29.334785034937887,79.8662047173567,1009.8414634146342,1.6890924627130681,4.366017104640152
1983-08-01,1983,8,29.254529526654412,81.91873224431818,1009.3872441520468,2.385791443941886,5.316332008406433
1983-09-01,1983,9,29.66248497596154,80.00183028694968,1010.1701388888889,0.3561561178173539,4.463100500274122
1983-10-01,1983,10,29.011882467830883,81.17674037388393,1010.8372844827586,-0.5019052318065842,4.76354204299133
1983-11-01,1983,11,28.191493242636493,80.03367964043674,1011.9899425287356,-2.3602871757022217,4.528283620845376
1983-12-01,1983,12,27.20203488372093,78.83670227786145,1013.4682049418604,-4.232571072048611,4.6800758406432745
1984-01-01,1984,1,26.21175415752924,77.84995474466463,1013.3988439306358,-3.9833504561054913,4.638339730196221
1984-02-01,1984,2,26.12848610101744,78.45551215277777,1012.8360272988506,-3.8360210217927633,4.547331871345029
1984-03-01,1984,3,26.48085282488567,80.20730684432516,1013.455370508982,-1.6162255566991017,4.123910869666916
1984-04-01,1984,4,27.815504807692307,79.67635141692547,1011.8146264792899,0.10035250479714912,3.650247852704678
1984-05-01,1984,5,28.877484237938596,80.43247599774097,1010.5703576589596,0.777054097611091,4.095334797236272
1984-06-01,1984,6,29.019998816287877,80.19345449472402,1008.8130681818182,2.5666271747986964,5.2688658179306405
1984-07-01,1984,7,29.121522066885966,79.81372801272455,1008.4222362716763,1.8406447025767543,4.612104294617052
1984-08-01,1984,8,28.95739228219697,81.55501508109177,1006.8653990963855,3.043759247750947,5.849047111742424
1984-09-01,1984,9,29.30916097492515,78.88143807870371,1009.8001109467456,0.13398978823707217,4.274518075073964
1984-10-01,1984,10,28.844117647058823,80.35416862763554,1009.4450367647058,-0.8350277511325813,4.955842141544117
1984-11-01,1984,11,27.93730868512427,81.02946159638554,1011.5597904624277,-2.693602805913881,4.376254572344653
1984-12-01,1984,12,27.0986328125,78.84902823044479,1011.3388157894736,-4.487335746810281,4.62349063648897
1985-01-01,1985,1,26.313633510044642,78.66387089596519,1013.2034125766871,-4.101776684720092,5.172354294478527
1985-02-01,1985,2,26.398274739583332,79.74192226080247,1011.2096893491124,-2.732998118681066,3.86681623289571
1985-03-01,1985,3,26.529645647321427,80.83169208458084,1013.2456140350877,-2.988886961462902,4.046148289016813
1985-04-01,1985,4,27.31664600486527,80.76346305031447,1009.9291729041917,-0.9841442573361281,4.352394662252286
1985-05-01,1985,5,28.20999988017638,81.32495743189102,1009.8131710122699,0.14701461791992188,4.035928865758384
1985-06-01,1985,6,28.747162768121303,82.04689881859755,1008.5687313988095,2.4183850316944238,5.121517706773952
1985-07-01,1985,7,28.874104817708332,80.32244873046875,1009.3487723214286,1.8247294108072916,4.819353693181818
1985-08-01,1985,8,28.898000919117646,81.95657238328313,1007.8366228070175,2.9920604032628675,5.888267829404239
1985-09-01,1985,9,28.795881204044118,81.78743896484374,1009.6363304093567,0.07760423805281433,5.139140168128655
1985-10-01,1985,10,28.534736499451753,81.05211568322981,1011.1195175438596,-1.0506407977544774,4.4529052734375
1985-11-01,1985,11,28.25029296875,80.04212161144578,1011.657072368421,-3.1014018811677633,4.402900965073529
1985-12-01,1985,12,27.314459007906628,80.0295741705247,1012.4071800595239,-3.7133302234468006,4.76564522466716
1986-01-01,1986,1,26.294877215129574,77.71706671463816,1013.5857971556886,-5.426764756619574,4.766028994605655
1986-02-01,1986,2,25.897590361445783,78.01283310966258,1012.9642857142857,-3.2921999976748513,4.994563119854042
1986-03-01,1986,3,26.21389557594477,80.24116358901514,1013.3208575581396,-2.5980795926825944,4.2917737458881575
1986-04-01,1986,4,27.47782341452206,79.69315441743827,1012.658598265896,-1.9238131308142161,3.817981808684593
1986-05-01,1986,5,28.377880859375,80.92688301282051,1009.9029605263158,1.130525367204533,4.429204929641813
1986-06-01,1986,6,28.916927475527107,81.29349798387096,1008.8721590909091,1.8421830610795455,4.523316160647455
1986-07-01,1986,7,29.01499885110294,81.37739376905488,1009.1806985294118,1.7357666015625,4.697022920496323
1986-08-01,1986,8,28.856244081439392,83.248046875,1005.0579946319018,2.3839048059975227,5.581666527724847
1986-09-01,1986,9,28.649155214608435,81.03908676242236,1008.8217243975904,0.35108626032450113,4.829475127070783
1986-10-01,1986,10,28.5226631841716,81.2496392316879,1011.9319196428571,-1.494672876843334,4.541967628975592
1986-11-01,1986,11,27.95253044577206,81.01510416666666,1012.0116045321637,-3.382103635553728,4.6759768480445905
1986-12-01,1986,12,26.97913860452586,81.09995404411765,1012.991510115607,-3.7458604834545617,4.649105747767857
1987-01-01,1987,1,26.19283931213018,77.5798280297256,1014.9783653846154,-4.684968305057322,4.41770438470784
1987-02-01,1987,2,25.83357599431818,77.8826434795673,1015.4381359011628,-3.644591575445131,4.082513853561046
1987-03-01,1987,3,26.459232849482248,78.906201171875,1014.6748161764706,-1.4409869881563409,3.543563487917878
1987-04-01,1987,4,27.452781180658285,79.687451171875,1013.3315458579882,-1.025998104319853,3.6387925091911764
1987-05-01,1987,5,28.7544796965843,77.959326171875,1012.164425872093,0.14267668613167697,3.479033714117006
1987-06-01,1987,6,29.207811344304734,79.92861566310975,1009.6634191176471,2.1180490347055287,4.763871232433432
1987-07-01,1987,7,29.152855282738095,80.67014023680125,1009.9471009036145,2.024585178920201,4.789248511904762
1987-08-01,1987,8,29.369346981956845,80.26221010220125,1009.6214657738095,1.366608665103004,4.849366687593006
1987-09-01,1987,9,29.198178998161765,81.81753077651516,1008.7176470588236,0.8153267583903476,4.778651130269971
1987-10-01,1987,10,29.07133448401163,80.4924560546875,1011.2511948529411,-0.8089983771829045,4.414929418506737
1987-11-01,1987,11,28.43150531814759,82.39744873046875,1011.761268939394,-2.658853553863893,4.72151741438997
1987-12-01,1987,12,27.419339467243976,80.7205810546875,1013.9685650887574,-4.5081050353642755,4.748173304966518
1988-01-01,1988,1,26.93842230902778,82.01982539533132,1013.5131722383721,-3.6081853498492324,4.458545210798817
1988-02-01,1988,2,26.72751366058526,80.1723883213141,1013.6434411337209,-3.5393045237987715,4.5412413131359015
1988-03-01,1988,3,26.97785877046131,81.27092978395062,1012.5104166666666,-1.7367629107306986,3.630945038377193
1988-04-01,1988,4,27.72751648302023,80.19373544254658,1012.8582720588236,-1.355233674890855,4.085248161764706
1988-05-01,1988,5,28.94482421875,80.49995207055214,1010.7317251461989,1.3812807659770168,4.335426507994186
1988-06-01,1988,6,29.416141264619885,80.5636320660828,1010.2241410818714,2.0335309196920957,4.481835080866228
1988-07-01,1988,7,29.503292921112806,80.6721036886867,1009.1977272727273,2.0706120932974468,5.095714962121212
1988-08-01,1988,8,29.501763556985296,79.41712998466258,1010.4008272058824,1.6422501964681953,4.765047152366864
1988-09-01,1988,9,29.66676412799401,79.61407208588957,1008.8925665680473,0.7426053560697116,5.096994614460059
1988-10-01,1988,10,29.062424879807693,82.04116358901516,1008.6044117647059,-0.48660532633463544,5.2875210914386095
1988-11-01,1988,11,28.065115391522987,80.64725626871258,1012.071983381503,-3.4267799114358835,4.794148289880087
1988-12-01,1988,12,27.26337139423077,80.74043807515338,1012.8856617647059,-4.308067991022478,4.9693646599264705
1989-01-01,1989,1,26.78847998903509,80.4566620617378,1012.8648574561404,-4.540640847724781,4.564085477941177
1989-02-01,1989,2,26.39563839934593,79.80234258046407,1012.9666726878613,-3.7795932306719653,4.813837834176301
1989-03-01,1989,3,26.49859797605994,79.903076171875,1012.0639534883721,-3.0804027050216765,4.665080225744913
1989-04-01,1989,4,27.732780140532544,81.16560382153614,1010.8113970588236,-0.9291155646829045,3.741469355354532
1989-05-01,1989,5,28.596257081505847,80.13369919478528,1010.6772660818714,0.3264930234317891,4.136214763797515
1989-06-01,1989,6,29.19655176352339,80.197509765625,1010.153811416185,1.6000017951516543,4.7296142578125
1989-07-01,1989,7,29.34615095691568,81.74452889683735,1008.9075292397661,2.0746217248035452,5.4240765739889705
1989-08-01,1989,8,29.01975930950599,82.9610930035828,1007.9241071428571,2.616013663155692,5.635286068488024
1989-09-01,1989,9,29.15240981158088,82.2735693059816,1008.7155330882352,1.5104109557748537,5.235255342371324
1989-10-01,1989,10,28.655646829044116,82.02620849609374,1010.0760233918129,-1.7505272360409008,4.895260799632353
1989-11-01,1989,11,27.956921458949704,81.11590538726993,1011.6881471893491,-4.117704503676471,4.570962578587278
1989-12-01,1989,12,26.869595037030347,79.5575284090909,1013.3392078488372,-3.5461831506277095,4.635637963724415
1990-01-01,1990,1,26.20697731195494,80.59872268021472,1013.4948219476744,-4.8849977005359735,4.751701887263808
1990-02-01,1990,2,26.21670915980539,78.7224609375,1015.3179227941176,-3.437276806351701,3.71025390625
1990-03-01,1990,3,26.459530101102942,78.8767744855183,1013.8227339181286,-3.1281263563368054,4.0287856158088236
1990-04-01,1990,4,27.37128506487573,80.4316035403481,1011.9047619047619,-1.1669625781831288,3.91731673372006
1990-05-01,1990,5,28.36115313403179,81.49307861328126,1010.406615497076,0.22335519229664522,4.515830365349265
1990-06-01,1990,6,28.925672743055557,82.00696034036625,1009.0479041916168,1.578156970796131,4.957446435254491
1990-07-01,1990,7,29.34142127403846,81.42797074044586,1008.1937687125749,2.0104205651197606,5.012538887069611
1990-08-01,1990,8,29.229997907366073,82.3257165452454,1007.0342261904761,3.053654653583458,5.774361746651786
1990-09-01,1990,9,28.68260274130917,82.6237257050305,1009.2488905325444,0.6385135650634766,5.318201401654412
1990-10-01,1990,10,28.715092224482248,80.83494873046875,1011.4506138392857,-1.818860448049214,4.603558020677395
1990-11-01,1990,11,27.914059627757354,81.59315923996914,1010.9040570175439,-3.4764889722679095,4.768384788468567
1990-12-01,1990,12,26.771393531976745,79.75564301085329,1013.1034356725146,-4.576196860151681,4.43525821461397
1991-01-01,1991,1,26.14266690340909,77.14517814490446,1014.2668560606061,-4.305634839607007,4.379964192708333
1991-02-01,1991,2,25.93941314875731,77.6706119011976,1014.2520220588235,-4.112527286305147,4.480429745284764
1991-03-01,1991,3,26.1876816168064,80.8741851993865,1013.5172061011905,-2.4042242140997026,3.7428138369605657
1991-04-01,1991,4,27.454152960526315,81.45026373407643,1012.4829881656805,-1.5907000268411915,3.8100832984561013
1991-05-01,1991,5,28.365774972098215,80.26432495117187,1011.4404411764706,-0.05863708857248521,3.7893655215992648
1991-06-01,1991,6,29.167134959795323,80.91215105754573,1010.1034007352941,1.544972559164839,4.599950881231399
1991-07-01,1991,7,29.34837102315512,81.05727507961784,1009.7231212797619,1.8597039722260975,4.961270286923363
1991-08-01,1991,8,29.263177849264707,82.84841712998467,1007.0832100591716,2.8796460755477997,5.433487029846557
1991-09-01,1991,9,29.0433349609375,82.72869690306887,1008.8051470588235,1.1175756510898207,5.485256778492647
1991-10-01,1991,10,28.398690359933035,80.9269912047956,1009.377994011976,-0.6180335453578404,4.922260330384036
1991-11-01,1991,11,27.603215803179825,81.07163027108433,1012.239275147929,-3.368938849954044,4.633889334542411
1991-12-01,1991,12,26.685153290719697,79.36095961084905,1014.1311553030303,-4.173694957386363,4.28576358748071
1992-01-01,1992,1,26.105406295421513,78.98105230564025,1015.8472426470588,-3.466197231359649,4.105807120339913
1992-02-01,1992,2,26.156388683431953,77.91513795490506,1015.0175304878048,-2.3210889411695077,3.750266335227273
1992-03-01,1992,3,26.298202423278443,79.2247852775621,1015.0380681818182,-1.2927859219637785,3.439947324810606
1992-04-01,1992,4,27.32970252403846,79.60313619625796,1012.4251543209876,0.35808911735628857,3.335762683256173
1992-05-01,1992,5,28.296271149223372,79.01590059432516,1010.7793898809524,0.8367874508812314,3.8155305599738023
1992-06-01,1992,6,28.8888741216716,80.63681640625,1009.989025297619,1.3646169809194713,4.40883875739645
1992-07-01,1992,7,28.980486505681817,81.39599609375,1010.5306712962963,1.0887680053710938,4.660831048621894
1992-08-01,1992,8,29.28958019578313,81.89615679390823,1008.0133659638554,2.6894593755882905,5.573129049161586
1992-09-01,1992,9,28.939083936737806,81.64904260927914,1008.1763257575758,1.343192632944306,4.888515977974397
1992-10-01,1992,10,28.541112710160817,82.17102197853916,1009.2212936046511,-2.0283312116350447,5.175102279031065
1992-11-01,1992,11,27.410837504678145,80.96498753834356,1012.1046686746988,-3.038561244210797,4.599351917613636
1992-12-01,1992,12,26.617866330030488,79.54263286226114,1014.5541158536586,-4.576482599431818,4.271304246855945
1993-01-01,1993,1,26.05232166108631,79.00378184713375,1014.3253676470588,-3.276938763786765,4.241966473280326
1993-02-01,1993,2,25.58397555064006,79.02288390724522,1014.5161897590361,-3.6595133463541667,4.526337231595092
1993-03-01,1993,3,25.96233509543413,79.68297341784591,1013.8317307692307,-2.628391447521391,4.16382277155497
1993-04-01,1993,4,27.168165218195266,80.81488433441558,1013.0489211309524,-1.2941056206112815,3.8493563024009148
1993-05-01,1993,5,28.189880732248522,79.43287919207317,1011.6011464497042,0.3937297572751017,3.532103038969494
1993-06-01,1993,6,29.326374611659357,78.42888291077044,1010.43841374269,1.8490663048816702,3.973928959411982
1993-07-01,1993,7,29.355208718565088,80.47945579386646,1009.4305763473054,1.6509053793298192,4.631320208487426
1993-08-01,1993,8,29.14754088998538,80.86932373046875,1008.8783346036586,2.2336760371564384,5.11284838717408
1993-09-01,1993,9,29.064400178840362,80.78737347680817,1009.7571536144578,1.1313438415527344,4.948453776041666
1993-10-01,1993,10,28.58272668087121,80.97664038535277,1010.6736526946107,-1.7611429605139308,4.999964702560241
1993-11-01,1993,11,28.095697206439393,82.10788633765245,1011.6461784638554,-2.821695223721591,4.737692096276198
1993-12-01,1993,12,27.122573212949103,81.86844223484849,1012.684131736527,-4.439997661544616,4.972862151731928
1994-01-01,1994,1,26.447055933665645,79.91253930817611,1012.7787422839506,-3.7746644915956438,4.633086596529908
1994-02-01,1994,2,26.25678858901515,79.69552264636076,1012.4169507575757,-2.671715859255176,4.213005871506211
1994-03-01,1994,3,26.586844308035715,80.52322867531447,1013.8029513888889,-3.0973441041546104,4.3812103271484375
1994-04-01,1994,4,27.722786458333335,81.67820749223603,1011.4042038690476,-0.3098193577357701,3.994015648251488
1994-05-01,1994,5,28.859165736607142,80.6098331404321,1010.2213855421687,0.9521100147660956,4.2276743693524095
1994-06-01,1994,6,29.29643526133041,80.80425014378834,1009.5691176470589,1.5824867942116476,4.565229404472305
1994-07-01,1994,7,29.308062744140624,82.25478830645162,1006.8829617834394,3.185097469645701,5.698693147890127
1994-08-01,1994,8,29.208254894578314,81.7012216361465,1008.6036931818181,2.6704956808207947,5.1161032730007765
1994-09-01,1994,9,29.26537181712963,82.07648533950618,1008.1151265337423,1.1331120932974466,5.538747336647727
1994-10-01,1994,10,28.60786970691568,80.4690400094697,1010.0119267751479,-1.3592838105701266,4.86602783203125
1994-11-01,1994,11,27.60920928030303,80.20181884765626,1012.8577651515152,-4.170604359019887,4.142996863162879
1994-12-01,1994,12,27.051126098632814,81.14096304086539,1013.4800077639752,-4.097811126708985,4.695579528808594
1995-01-01,1995,1,26.427263532366073,79.68799135220125,1014.6051897321429,-4.580477960095434,4.617338077750748
1995-02-01,1995,2,26.002183948863635,78.9502620341615,1014.353409090909,-4.270118805299322,4.659363162878788
1995-03-01,1995,3,26.252631455838323,79.1616357129491,1013.3589099702381,-2.568271818615141,4.257700602213542
1995-04-01,1995,4,27.400840896332337,79.80507562099359,1012.599053030303,-1.5422409520004734,3.442388731060606
1995-05-01,1995,5,28.330001647213855,81.6074462890625,1011.2426697530864,0.4305570625964506,4.560456452546297
1995-06-01,1995,6,29.102379208519345,81.03774652248475,1010.1764322916666,2.11030094352311,4.277206329528443
1995-07-01,1995,7,29.487441644435975,80.68648587740384,1009.5190972222222,1.5737280993728164,4.877742814429013
1995-08-01,1995,8,29.699813179347824,81.50828826121794,1009.4807389937107,1.646776162424395,5.280727288661859
1995-09-01,1995,9,29.383935546875,81.88123739919355,1009.5765526729559,0.2929958659372512,5.295519008757962
1995-10-01,1995,10,29.099025819359756,81.89868630573248,1009.6953604294479,-1.0496276101948303,4.979590145158179
1995-11-01,1995,11,28.40452952665441,80.66185360863095,1011.3844669117647,-2.8790508924856693,4.589915980954142
1995-12-01,1995,12,27.53814923321759,80.8685661764706,1012.9962420886076,-4.810507610345343,5.371308344944268
1996-01-01,1996,1,26.435001326195987,80.62138545048701,1012.6913343558282,-4.255712663164791,4.8386829007056456
1996-02-01,1996,2,26.112625122070312,79.79870528694968,1013.1550996932515,-4.808218552291027,4.8379954706671775
1996-03-01,1996,3,26.600845931412337,82.2677654109589,1012.4799679487179,-2.3326327349688554,4.0711039088716445
1996-04-01,1996,4,27.4230568272293,82.1094746492347,1011.2073120915032,-1.5650635769492702,4.7762804533305925
1996-05-01,1996,5,28.5296418880988,80.91057739257812,1010.5733024691358,0.7575795428353067,4.262460327148437
1996-06-01,1996,6,29.47833478009259,79.92428428248355,1011.0687699044586,0.860386481651893,4.206375513321314
1996-07-01,1996,7,29.765000741693036,80.56704872532895,1008.2293988853503,2.475416827353702,5.294879889032643
1996-08-01,1996,8,29.39786016116352,80.28935999586092,1009.1830214968153,2.0919244228265224,4.514707907652244
1996-09-01,1996,9,29.420498107531056,82.84325860867834,1007.4831133540373,1.3917919206030576,5.452430254147377
1996-10-01,1996,10,29.184480444785276,81.8843661221591,1010.167022515528,-1.4712407840705066,4.672634717100156
1996-11-01,1996,11,28.344515498991935,82.58968321917808,1009.8325892857143,-2.6150641190378288,5.299309981496711
1996-12-01,1996,12,27.28716362847222,79.87076620729813,1011.2000575153374,-5.472606587854231,5.078217500485248
1997-01-01,1997,1,26.39539997124233,78.36099203530844,1013.2552406832298,-4.325602731886943,4.893001508109177
1997-02-01,1997,2,26.153148509837962,80.72463474025975,1012.5436921296297,-4.274652828960298,5.193039996069182
1997-03-01,1997,3,26.503331801470587,79.82048064983444,1013.2781862745098,-4.095626730003104,4.031545538651316
1997-04-01,1997,4,27.59858899238782,81.01285282258064,1012.1232199367089,-1.3470860734770569,4.134777986550633
1997-05-01,1997,5,28.55091124695617,80.22526887175324,1010.0689102564103,0.2510989281439012,4.096741116431452
1997-06-01,1997,6,29.07955584948576,80.88695971996754,1010.0849920382166,1.702693841396234,4.580090645032051
1997-07-01,1997,7,29.320459303513072,82.82613255033557,1008.7282072368421,1.8504018147786458,4.884632161458334
1997-08-01,1997,8,29.01639141613924,84.50123948317308,1007.85390625,3.2779768931714792,5.625756989485063
1997-09-01,1997,9,29.117515042701864,81.6961723663522,1010.3284161490683,0.3923584761892914,4.451537318199685
1997-10-01,1997,10,29.196337587344722,80.16096698113208,1012.4665178571429,-1.377481904419713,4.070151761451863
1997-11-01,1997,11,28.250266927083334,81.07650862068965,1013.4312080536913,-2.0958889477873504,4.0314657132919525
1997-12-01,1997,12,27.55142074092742,81.49864685457516,1014.0150162337662,-3.6333537854646383,4.26400856566585
1998-01-01,1998,1,26.853692585989933,78.58498751062925,1015.299831081081,-2.98182183343011,3.8221148804530203
1998-02-01,1998,2,26.86278326779801,79.92901446368244,1015.9759537337662,-1.6451316324869791,3.7290992989445364
1998-03-01,1998,3,27.024682926226266,78.31905603105096,1014.5894097222222,-1.4173570548963246,3.5842454058569184
1998-04-01,1998,4,27.81842041015625,80.85660807291667,1014.2371688741722,0.037896306891190376,3.450951986754967
1998-05-01,1998,5,28.75462012954905,81.10624877161949,1012.4238159937888,0.8006191489137249,4.280211648823302
1998-06-01,1998,6,29.37933268229167,80.62479026845638,1011.1303104575163,1.5502005065513762,4.260226420219371
1998-07-01,1998,7,29.808282742834393,80.58753319035948,1010.5610887096774,1.7354501577524037,4.58073229667468
1998-08-01,1998,8,29.959356098790323,80.43142892263987,1010.5352069805194,1.1480410706763173,4.660885438224338
1998-09-01,1998,9,29.89246398133117,81.3207581795302,1008.871916118421,1.261909384476511,5.401297200520833
1998-10-01,1998,10,29.3105097903481,81.37227913718553,1010.4614197530864,-0.7514892009474476,4.814962768554688
1998-11-01,1998,11,28.887452726910826,82.72543913398692,1010.9353830645161,-1.8677108864379084,4.569448495840097
1998-12-01,1998,12,28.08164804193038,81.67671370967741,1012.0739182692307,-3.6276268592247596,4.685219789162661
1999-01-01,1999,1,27.22433913128931,81.38791782041139,1011.6325158227849,-3.9353784488726267,4.80123399179193
1999-02-01,1999,2,27.086749267578124,80.52008294439935,1013.03224522293,-4.183459942157452,4.60060315254407
1999-03-01,1999,3,27.564102564102566,82.22543913398692,1010.3014112903226,-1.074803439053622,3.919439935064935
1999-04-01,1999,4,28.32879565135542,80.87883346273291,1010.548018292683,-0.1571762927470763,4.459487634202454
1999-05-01,1999,5,28.894555973101266,79.41956444035948,1010.5042067307693,0.39807921189528245,4.4563661232972755
1999-06-01,1999,6,29.253044934006212,80.73087993421052,1010.1379032258064,1.8772573034747753,4.739187602124183
1999-07-01,1999,7,29.394357505751532,81.10441132563695,1008.2199145962733,2.8687999097606802,5.42247314453125
1999-08-01,1999,8,29.237188720703124,81.80123823116988,1009.8162342767296,2.175787775771423,5.280469978380503
1999-09-01,1999,9,29.387265625,81.21084449404762,1009.8499149659864,2.0239884660050675,5.47698974609375
1999-10-01,1999,10,29.257419418238992,81.65736517137097,1011.0423545597484,-0.9116332815878047,4.878573051788522
1999-11-01,1999,11,28.616604019261008,82.0012315883758,1009.9610849056604,-2.134682184533228,5.0335075281843356
1999-12-01,1999,12,27.703096648185483,81.60795572916666,1012.3068548387097,-4.357946542593149,5.139314516129033
2000-01-01,2000,1,26.96770065023292,79.7362060546875,1012.5373641304348,-5.267997741699219,4.635580444335938
2000-02-01,2000,2,26.48846697661043,81.83861979166667,1012.3886217948718,-3.8860764846303106,5.003236060049019
2000-03-01,2000,3,27.14675184116242,81.95092933006536,1011.8029233870968,-2.1168362525201614,4.824495967741935
2000-04-01,2000,4,28.183693272292995,81.67713139681209,1011.2560016556291,-0.31301838919620384,3.9436746559395695
2000-05-01,2000,5,28.809815950920246,80.77263077445652,1009.8773148148148,1.0110576937657705,4.616638937114198
2000-06-01,2000,6,29.39154800907258,81.33753670302013,1010.3595805921053,1.3266242829379657,4.672159561258278
2000-07-01,2000,7,29.22823923938679,81.6337002840909,1008.4314453125,2.5972343780709513,5.451864121835443
2000-08-01,2000,8,29.5652244227707,82.0543819090136,1008.66015625,1.4731431618714943,5.081386468349359
2000-09-01,2000,9,29.115592245729815,81.93624975119427,1008.9536102484471,0.8460641860961914,5.048713684082031
2000-10-01,2000,10,29.14653758513622,81.79337993421052,1009.9573317307693,-0.8273053291516427,4.944555197551751
2000-11-01,2000,11,28.52572228773585,82.4316035403481,1010.8462732919255,-3.187123107910156,4.652146617818323
2000-12-01,2000,12,27.759079634777606,81.60792513420246,1011.3562688253012,-3.710907537286932,5.1472389914772725
2001-01-01,2001,1,27.004084889481707,80.92134065448113,1012.2810582822086,-3.3339984315814393,4.653341281633436
2001-02-01,2001,2,26.833854951054217,80.5264554310994,1011.4787946428571,-3.7673472209149095,4.536704925169428
2001-03-01,2001,3,27.263678175403225,80.4039453125,1012.4211693548388,-2.2780374763837825,4.469243068321078
2001-04-01,2001,4,28.26812941028226,80.194140625,1011.4576740506329,-0.7131187293180234,3.9858680138221154
2001-05-01,2001,5,29.289241742484176,79.92769657258064,1009.8125,1.0376940018091447,4.339712289663462
2001-06-01,2001,6,29.958143625827816,80.75953706781915,1008.8148384353741,1.4762345405474102,4.669632273706896
2001-07-01,2001,7,29.53729670302673,81.92293041537268,1007.5116705246913,2.540799568035851,5.240573212594697
2001-08-01,2001,8,29.61847195959395,83.03744506835938,1005.9221625766871,1.8812365119839891,5.932288193121189
2001-09-01,2001,9,29.395064504523027,82.1200791396104,1008.6248070987655,1.1501299540201824,5.255741999699519
2001-10-01,2001,10,29.292763157894736,81.06186224489795,1010.0898944805194,-1.3392601269203543,4.5870452673256805
2001-11-01,2001,11,28.41477803164308,80.19930065524194,1010.96481918239,-3.1019600011125394,4.822890749402866
2001-12-01,2001,12,27.614163795613354,79.64357434983222,1013.6294934640523,-5.470659874922393,4.991305338541666
2002-01-01,2002,1,26.50416100543478,77.97478578629033,1014.031643081761,-4.195061019704312,4.442552923387097
2002-02-01,2002,2,26.305802710262345,78.94439338235294,1014.1009156050956,-4.0543290642416405,4.660751442504085
2002-03-01,2002,3,26.844556591178797,81.34820257867133,1012.8145559210526,-1.6138907822986577,4.140096859056122
2002-04-01,2002,4,27.819558445411392,79.39205129523026,1011.6614912974684,-1.3041127844701839,4.015453314012097
2002-05-01,2002,5,28.861367551436334,80.84073036595395,1010.3481570512821,0.6556428762582632,4.489643712197581
2002-06-01,2002,6,29.597486139112902,80.18763445425725,1009.8442639802631,1.9549328529671446,4.379280037715517
2002-07-01,2002,7,29.391349932898773,82.31544228830646,1007.5990566037735,3.2156068838326033,5.406462434050325
2002-08-01,2002,8,29.202965253665123,81.72798069267516,1007.7880859375,2.01696352415447,5.399323870421974
2002-09-01,2002,9,29.371624755859376,81.79729166666667,1008.9491680194806,0.6123705412212171,5.023302408854167
2002-10-01,2002,10,29.251712074762658,81.16854467147436,1009.955876572327,-2.369872471071639,4.333951509915865
2002-11-01,2002,11,28.6366015625,80.7039453125,1012.523640422078,-3.5916313221252043,4.794659949296357
2002-12-01,2002,12,27.604338639937108,82.78995361328126,1013.9014570552147,-3.286479808666088,4.632266595496894
2003-01-01,2003,1,26.737730061349694,78.33597389363354,1014.2215737951807,-4.957694128787879,4.8726374466226705
2003-02-01,2003,2,26.39368896484375,77.8515195066824,1013.9787193251534,-4.117810440063477,4.192508673815993
2003-03-01,2003,3,26.779611895161292,80.2496067533557,1013.6454707278481,-2.849802054610907,4.26205544066585
2003-04-01,2003,4,27.755446213942307,80.92630912162163,1011.8949424342105,-1.0948990575525144,3.9834129889279803
2003-05-01,2003,5,28.711362368100648,82.0113582739094,1009.3973214285714,0.48292738726349915,4.522782088926174
2003-06-01,2003,6,29.096274382148692,81.28409213362069,1010.4107592281879,1.79236685263144,4.822121434563758
2003-07-01,2003,7,29.660823773734176,80.74462239583333,1010.0769230769231,0.6502611234590605,4.264902090097403
2003-08-01,2003,8,29.744492929193036,82.56908032718121,1009.0203025477707,1.9763078628831607,5.26111228602707
2003-09-01,2003,9,29.565853721217106,82.41695232780613,1009.141447368421,1.2807347615559896,5.392541833826013
2003-10-01,2003,10,29.232343508873456,80.71533203125,1009.8417845911949,-1.2762164580516326,4.956466872970779
2003-11-01,2003,11,28.540784801136365,80.60568023487261,1011.0603243670886,-3.6925933451592168,4.743197139616935
2003-12-01,2003,12,27.3388671875,79.34469924606644,1013.451724137931,-5.238297027795493,4.945790608723958
2004-01-01,2004,1,26.54212646484375,79.03539111946202,1013.87890625,-4.0670227823378164,4.533719396894904
2004-02-01,2004,2,26.32805129716981,80.21114309210526,1013.4709677419355,-3.5885041472199677,5.052980154152684
2004-03-01,2004,3,26.874472292313666,82.29052427279875,1012.5048152515724,-2.4760112521014634,4.619585640822785
2004-04-01,2004,4,27.893477277057926,81.6427066200658,1011.7306209415584,-0.9045080047806883,4.1496339507450335
2004-05-01,2004,5,28.861419480846774,82.23046240868507,1010.8858173076923,-0.004246331507863562,4.473345867999188
2004-06-01,2004,6,29.163136999591504,82.26065848214286,1008.7909482758621,1.6935986855047211,5.3589534622302155
2004-07-01,2004,7,29.319801879084967,81.08845267535972,1009.6656901041666,1.528144291469029,4.9251471869379495
2004-08-01,2004,8,29.116328372231013,82.69210835375817,1007.203025477707,2.523313874651672,5.708945249899839
2004-09-01,2004,9,29.228376116071427,81.01819177576013,1010.6347916666666,0.4097985963563661,4.780509385486577
2004-10-01,2004,10,28.678806136988992,80.27255423964968,1010.5278876582279,-2.168226217921776,4.923538888335988
2004-11-01,2004,11,28.238423295454545,81.49656883445945,1011.7077922077922,-3.3257595845405628,4.859969075520834
2004-12-01,2004,12,27.322024574762658,80.39162868923611,1012.8050449346405,-4.1157594390262835,4.743759255004085
2005-01-01,2005,1,26.621576112689393,77.30504204816879,1012.844140625,-3.8848383229249603,4.5238344254032254
2005-02-01,2005,2,26.39870273919753,78.42589868473101,1014.9537037037037,-2.983685111999512,4.003738883156447
2005-03-01,2005,3,26.614137249228396,80.1584365172956,1014.1440862341772,-2.626161587313286,4.571037244496855
2005-04-01,2005,4,27.47044044204905,80.11015890731292,1012.8023330479452,-1.7058605325633083,4.116409928831335
2005-05-01,2005,5,28.810384114583332,81.18556092625899,1010.5039893617021,2.0960303773271276,3.968053939494681
2005-06-01,2005,6,29.24647761890723,80.96552861201299,1009.9868317610063,1.9557714217748396,4.685672115969967
2005-07-01,2005,7,29.55703125,81.0326171875,1009.3934188741722,1.49920166015625,5.000633795529802
2005-08-01,2005,8,29.36373423381024,82.73329402515724,1008.7822204968944,2.2641010165954967,5.460832868303571
2005-09-01,2005,9,29.212741758765244,82.6179760287267,1009.09013671875,1.1206850798233696,5.349650317837733
2005-10-01,2005,10,29.03012365797546,81.74070710589172,1010.390525477707,-0.8308266803717158,4.7070171649639425
2005-11-01,2005,11,28.446871470256024,81.0294105843322,1011.4690583881579,-2.909528693896812,4.745247505806588
2005-12-01,2005,12,27.498988560267858,81.43438007305195,1013.2549761146497,-5.196664663461538,5.565562855113637
2006-01-01,2006,1,26.888908617424242,80.40375296677215,1012.7663128930818,-3.9407576548902292,4.9171616864052545
2006-02-01,2006,2,26.60159717085799,79.81268660429936,1014.4200078616352,-4.236367778413615,4.353473639032643
2006-03-01,2006,3,26.809249877929688,79.40630501760563,1012.9366319444445,-2.3645121256510415,4.007610744900173
2006-04-01,2006,4,27.90331098228503,78.96819573479729,1011.8292632450331,-0.7547316487630208,3.8602432352028146
2006-05-01,2006,5,28.77029206031977,80.11113538240132,1011.4740853658536,0.10537691116333008,4.518730163574219
2006-06-01,2006,6,29.402135337271343,80.48948759191177,1010.6329656862745,1.1837926129110499,4.53023970754523
2006-07-01,2006,7,29.07695433812112,82.61253751034768,1009.1046560402684,2.5694141263276142,5.389519186580882
2006-08-01,2006,8,29.253273292824073,83.60764723557692,1007.942803030303,2.180002108487216,5.354571570648006
2006-09-01,2006,9,29.635687255859374,80.46875,1008.9582619863014,-0.16923406389024523,5.009702894422743
2006-10-01,2006,10,28.823727435947205,82.58689491421569,1010.2620648734177,-1.355223624936996,4.967275766225962
2006-11-01,2006,11,28.44993801459581,80.7357201986755,1012.0607524671053,-2.272959257427015,4.185879496119966
2006-12-01,2006,12,27.698835314417177,82.78100107230392,1013.1610887096774,-3.9630304151965725,5.074171496975806
2007-01-01,2007,1,26.814059540719697,81.34234012831126,1014.7049753289474,-4.605758970146937,5.059027959836409
2007-02-01,2007,2,26.391131706957548,78.82511770488411,1013.779939516129,-2.5693528698336694,4.271398767248376
2007-03-01,2007,3,26.77994011976048,79.67429070723684,1012.563679245283,-2.475511991060697,4.4728720388104835
2007-04-01,2007,4,27.702962239583332,82.04523199957771,1012.978187919463,-1.388331807454427,3.9139713541666667
2007-05-01,2007,5,28.766666666666666,80.845703125,1010.9964171974523,0.8370082393573348,4.380226475417993
2007-06-01,2007,6,29.73393859863281,80.01518522350993,1009.4657258064516,1.86671142578125,3.981256300403226
2007-07-01,2007,7,30.013333834134617,79.44570184844771,1009.9085245253165,1.9933978386645048,4.564712915665064
2007-08-01,2007,8,29.599633193597562,81.97494346217105,1009.1613230519481,3.029424814077524,5.554808782762096
2007-09-01,2007,9,29.639547631048387,81.18080950797872,1008.3875,1.4545852873060439,5.372698590472028
2007-10-01,2007,10,28.96593868371212,81.99505572552448,1010.2954068791946,-1.1363247203178146,5.06890209301098
2007-11-01,2007,11,28.449624633789064,81.93160549685251,1010.1545376712329,-2.6526880724676722,5.1812665102293165
2007-12-01,2007,12,27.72741935483871,80.4904403167517,1012.4691722972973,-3.4915524044552364,4.385116989548142
2008-01-01,2008,1,27.203664838897517,80.25550672743056,1013.1935822147651,-4.297246536152475,4.812983264661815
2008-02-01,2008,2,26.68852279031065,79.81854091546474,1013.4506048387096,-4.545382377428886,5.187709488407258
2008-03-01,2008,3,26.92018387957317,80.74424549077182,1012.5731907894736,-2.030782861647263,4.843981119791667
2008-04-01,2008,4,28.052223754084967,79.80944913321167,1011.322279676259,-0.7448889739321967,3.87223069685219
2008-05-01,2008,5,28.723477991615855,81.06253985969387,1009.8949142156863,1.2912688191731772,4.627246410815747
2008-06-01,2008,6,29.282282189477847,80.814609375,1010.4050324675325,1.6670147784344562,4.488852507148692
2008-07-01,2008,7,29.425272253787877,80.93728515625,1009.1821895424837,2.2678446052900325,5.125648292335304
2008-08-01,2008,8,29.32049334490741,81.6722511085304,1009.776393581081,1.9119065472868835,5.087130159945102
2008-09-01,2008,9,29.564387623856707,81.06683349609375,1009.0126164596273,1.5939152877523293,5.2183327976661396
2008-10-01,2008,10,29.19351325757576,80.05061420641448,1011.6504166666666,-1.0073810551790583,4.580906874468537
2008-11-01,2008,11,28.78291015625,79.14498396109272,1012.151521381579,-2.3234414612220613,4.591298828125
2008-12-01,2008,12,27.674430436002993,80.04189138104839,1012.6332661290322,-4.052595262403612,4.830942855342742
2009-01-01,2009,1,26.572072046042898,79.5197183757485,1013.7731100299401,-4.176366896856399,5.090393431886228
2009-02-01,2009,2,26.542666903409092,80.19525351300335,1012.7294081125827,-2.604131266276042,4.481298828125
2009-03-01,2009,3,27.180713471912203,80.31405874399039,1012.5572587025316,-1.9552515730073181,3.9381888808718153
2009-04-01,2009,4,27.807790931748468,80.68317792338709,1011.0739182692307,-0.46095960568159056,4.642919295873398
2009-05-01,2009,5,28.543696732954544,78.69995272691082,1010.0569968553459,-0.12518357641902972,4.461755448845541
2009-06-01,2009,6,29.3830125188253,81.91941065436242,1009.5939555921053,2.0600019756116366,4.647944269953547
2009-07-01,2009,7,29.668673358386076,81.16549435177365,1008.7104718543046,1.6759621323339198,5.122951198268581
2009-08-01,2009,8,29.65261121616242,82.49423828125,1007.153293918919,2.0303466796875,5.124287923177083
2009-09-01,2009,9,29.400321320564515,82.38960802801724,1007.8245110544218,0.9485727945963541,5.489409110915493
2009-10-01,2009,10,28.797173713235296,81.35485600490196,1010.7459195859873,-0.5346139761117789,4.816624348958333
2009-11-01,2009,11,28.298354730373475,81.8681640625,1011.0507305194806,-2.2487084173387095,4.211733749489379
2009-12-01,2009,12,27.43625682994632,78.48960802801724,1013.0003232758621,-3.158148569603489,4.25349189865757
2010-01-01,2010,1,26.814171539493866,78.37244873046875,1014.771350931677,-4.289625843119177,4.8931452591226705
2010-02-01,2010,2,26.626932155866566,79.89618342177673,1014.8720518867924,-1.670438178680228,3.899968787084652
2010-03-01,2010,3,26.88597441882622,81.69927083333333,1014.2808333333334,-2.6066419358221475,4.187976888020834
2010-04-01,2010,4,27.52393493652344,81.34563845198676,1013.5155228758169,-1.4817089281584088,3.797316080729167
2010-05-01,2010,5,29.046257908358896,79.65302136479592,1010.5334821428571,0.8163283990353954,3.7298974277210886
2010-06-01,2010,6,29.54468688964844,79.65227907698676,1011.0183121019109,2.0021212748344372,4.508577258381623
2010-07-01,2010,7,29.73291015625,79.46517634737319,1010.6953125,1.639782425260892,4.867591473696043
2010-08-01,2010,8,29.63111255787037,81.86445595561594,1008.8165760869565,1.3805087545643682,5.418493200231482
2010-09-01,2010,9,29.5160761965981,80.46637347027972,1009.8996310763889,0.9148630566067166,5.31107923719618
2010-10-01,2010,10,29.320000958588956,81.18349485759494,1009.85888671875,-0.6413729667663575,5.2314130675117925
2010-11-01,2010,11,28.5599365234375,81.01300668025362,1011.3316461267606,-2.187711879185268,4.76167892564273
2010-12-01,2010,12,27.88521196798313,78.7086763317953,1010.1144453642385,-3.399389730917441,4.565234714084202
2011-01-01,2011,1,26.940242116044207,79.31693601919935,1012.5931451612903,-5.23863477830763,5.679057202308006
2011-02-01,2011,2,26.361171075475145,78.33884307484568,1012.7223989520958,-3.3882187919382667,4.644146316621932
2011-03-01,2011,3,26.496509800295858,80.7836052389706,1012.3330385220125,-3.556207395067402,5.340105558696546
2011-04-01,2011,4,27.38541862763554,81.5737730704698,1011.507553807947,-1.601551880707612,4.476727552816901
2011-05-01,2011,5,28.795307677469136,81.90336681547619,1010.4330956375838,0.4714105593278104,4.68885972764757
2011-06-01,2011,6,29.337159778225807,81.18965418198529,1010.0392287234042,1.6456230887531365,4.530124439912684
2011-07-01,2011,7,29.254757764862806,82.5845152579698,1008.415625,1.7272017415364582,5.174641927083333
2011-08-01,2011,8,29.308114681603772,82.0749447471217,1008.1854440789474,1.9195438958460989,5.274142435844371
2011-09-01,2011,9,29.13329133064516,83.1151706861413,1008.5976285460993,1.588715580531529,5.56832073403777
2011-10-01,2011,10,28.72918701171875,81.12715242346938,1010.9571368243244,-0.9566196750950169,4.5621321394636825
2011-11-01,2011,11,28.412191280241935,81.86973780350719,1010.8633928571429,-2.1729557950731735,4.865456164722711
2011-12-01,2011,12,27.71704255110063,82.98210100446428,1011.8622159090909,-3.7856410435267858,5.1142578125
2012-01-01,2012,1,26.816436767578125,79.62987568430657,1013.1372377622378,-4.416591920714447,4.8898324275362315
2012-02-01,2012,2,26.732323056175595,80.5457535282258,1012.5096774193548,-2.9034827447706655,4.672696200284091
2012-03-01,2012,3,27.02739109848485,80.25955158390411,1012.4750844594595,-3.1501332875844597,4.553396564640411
2012-04-01,2012,4,27.97728609751506,80.65888219163908,1012.1711506622516,-0.693731689453125,3.9476342937290267
2012-05-01,2012,5,29.085635653409092,81.3165119924363,1009.3815268987341,1.5325337663481506,4.298715325850475
2012-06-01,2012,6,29.183900845125788,82.70806059966216,1008.5484803082192,3.064799128351985,4.855063509778912
2012-07-01,2012,7,29.42818122632576,80.50828200120192,1008.3201632165606,2.128599907941879,5.0315854964717746
2012-08-01,2012,8,29.245988257137345,83.06482263513513,1008.4084375,3.170960935827804,5.6587540910050675
2012-09-01,2012,9,29.371721984474522,81.722802734375,1009.5150709219859,-0.18985435430952113,5.228239639945652
2012-10-01,2012,10,28.766979289504718,80.93078446061644,1010.2935799319728,-1.3681490127354452,4.9732666015625
2012-11-01,2012,11,28.45768019153226,80.43639090401786,1012.7491379310345,-2.4639294854525864,4.085993840144231
2012-12-01,2012,12,27.775032754270185,81.26304268036913,1013.0335115131579,-4.096885024317053,4.79524024757179
2013-01-01,2013,1,26.61976181120562,77.75681040645425,1014.3248782467532,-4.396037312297078,4.985590916053922
2013-02-01,2013,2,26.372770378388555,80.91405623998398,1014.5513535031847,-3.909043233106091,4.65996566280242
2013-03-01,2013,3,26.976827481897868,80.94049797858392,1013.3862670068028,-2.105614231057363,4.163426050646552
2013-04-01,2013,4,28.140304471817483,80.28762596240942,1012.1372526978417,-0.21050583106884058,4.005738182891187
2013-05-01,2013,5,29.25956669560185,80.26164949024823,1011.3524305555555,1.3389535116982627,4.410534496038732
2013-06-01,2013,6,29.784591194968552,81.58565848214286,1010.14453125,2.2048588344029016,4.733311862810283
2013-07-01,2013,7,29.6989456979852,80.30848776647287,1010.0893028846153,0.978283166885376,4.883563995361328
2013-08-01,2013,8,29.62993706597222,80.77426486545139,1009.4494357638889,2.020898016567888,5.331224229600695
2013-09-01,2013,9,29.66161164314516,81.28538260554636,1007.9254966887418,-0.2164642333984375,5.369978841145834
2013-10-01,2013,10,28.876793494591347,81.40201373922413,1009.3955479452055,-1.5229235798323235,5.292391231142242
2013-11-01,2013,11,28.25026341488487,81.17966627038044,1012.3936215753424,-3.2121216238361514,4.674285888671875
2013-12-01,2013,12,27.409318335262345,79.36395182291666,1012.6124387254902,-4.309933332056781,5.131559673108552
2014-01-01,2014,1,26.592112286490682,78.41488687094156,1013.613810483871,-4.576643617691532,5.305201312295751
2014-02-01,2014,2,26.25228070609177,77.67138671875,1012.9260080645162,-3.6257487777011845,4.3356854327313314
2014-03-01,2014,3,26.552205403645832,80.11662085262346,1014.2162422839506,-2.9481350916513005,4.850299810907643
2014-04-01,2014,4,27.917265139751553,80.19572513204226,1011.8263767482517,-1.0415804197462342,4.2269812813640515
2014-05-01,2014,5,29.286332977484474,79.23613419769504,1011.4055989583334,0.6850752899612206,3.927249792850379
2014-06-01,2014,6,30.019998034591193,80.01650053879311,1008.4745689655173,2.3435186978044182,4.322516642825704
2014-07-01,2014,7,29.809041097492514,82.04116738809121,1008.6530032467532,2.2120682779947916,5.064166094805743
2014-08-01,2014,8,29.730123380335368,81.29995013297872,1009.8995225694445,1.7165735517229352,4.752249053030303
2014-09-01,2014,9,29.843147183641975,80.80132004310344,1009.4206896551724,1.3614201106078236,5.199974170629529
2014-10-01,2014,10,29.129634232954544,82.59540508319805,1010.4911290322581,-1.2954940290640522,5.024142066904362
2014-11-01,2014,11,28.40831195877259,81.47218153211806,1012.1103515625,-2.5668038262261286,4.8638661702473955
2014-12-01,2014,12,27.468096961273005,81.11781529017857,1013.4125434027778,-4.504789564344618,5.1111591045673075
2015-01-01,2015,1,26.531592107882165,78.73328993055556,1014.7056034482758,-4.866335586762764,5.261004279641544
2015-02-01,2015,2,26.076232117491884,76.35474636130137,1014.2690496575342,-4.264928948389341,4.671893394156678
2015-03-01,2015,3,26.47942998606688,81.79720275042808,1014.5460188356165,-2.2755152209051723,4.317330254448785
2015-04-01,2015,4,27.318353194224684,81.90846631205673,1013.0038793103448,-1.388696748916417,4.3293439958479025
2015-05-01,2015,5,28.84149004961993,80.4934329710145,1011.7712455035971,0.9107996622721354,4.026784703351449
2015-06-01,2015,6,29.586039225260418,80.72665941078245,1010.6908074817518,1.2653347439236111,4.43056932136194
2015-07-01,2015,7,29.223151220034246,81.95417721170774,1009.0960445804196,2.37591767646897,5.127118791852679
2015-08-01,2015,8,29.381880326704547,81.9238022557947,1009.1940016778524,1.8795321675755035,5.236215066589765
2015-09-01,2015,9,29.770742055532093,80.2803982612782,1009.4679214015151,0.40564159880903433,4.700739503816794
2015-10-01,2015,10,29.052144632711038,81.50427158273381,1011.6708916083916,-0.9617583583778059,4.913451282690603
2015-11-01,2015,11,28.666876220703124,81.53035921663852,1013.4495033112582,-2.8069710982473275,4.086076546978477
2015-12-01,2015,12,27.61085770769817,81.62358794341216,1014.8022916666666,-4.086397705078125,4.54930320945946
2016-01-01,2016,1,26.933680622124232,79.66299885549363,1016.1757563694267,-2.64350142752289,4.302518225019904
2016-02-01,2016,2,26.29566312123494,78.5552334045031,1016.1263420245399,-3.8220843917753067,4.798748741851994
2016-03-01,2016,3,26.63011812876506,80.95595703125,1015.0185223509934,-1.9382105947330297,4.527783526490066
2016-04-01,2016,4,27.751921824919872,79.56254650297619,1014.1518456375838,-0.012398681640625,3.7916429307725696
2016-05-01,2016,5,28.8166015625,80.24095801483813,1011.9578462230215,1.2004360254260078,4.356176223197993
2016-06-01,2016,6,29.77769711143092,80.43729166666667,1011.630625,1.6722160185743498,4.314746421455537
2016-07-01,2016,7,30.134929500214042,80.19029498922414,1009.7726883561644,2.0393074883355036,4.722354061953672
2016-08-01,2016,8,29.726731520432693,82.5025594873366,1006.5662006578947,3.0339239781198937,5.731096078228477
2016-09-01,2016,9,29.52306640625,81.66053404425182,1009.2253170289855,1.4163056525631228,5.525537476503759
2016-10-01,2016,10,29.314076806329616,83.29525613464764,1009.8052083333333,-0.28550136489356126,4.818598464439655
2016-11-01,2016,11,28.651583514636076,81.76456871811224,1011.4779349662163,-2.341011459762986,4.802689532844388
2016-12-01,2016,12,27.82896925403226,82.50746005639098,1012.6046296296296,-4.094523408987226,5.131361912636861
2017-01-01,2017,1,27.002183948863635,78.37067692454268,1013.335556402439,-4.125152026217408,5.309235749421297
2017-02-01,2017,2,26.3712783441311,78.43495483398438,1013.9150943396227,-4.627310180664063,5.584679476015127
2017-03-01,2017,3,26.741720187883434,80.54180908203125,1013.10361328125,-2.4793733596801757,4.947111676453026
2017-04-01,2017,4,27.888256048387095,81.55939275568181,1012.9811458333334,-0.7656932098186569,4.3137644800646555
2017-05-01,2017,5,29.029274388363486,81.61545444542253,1011.8760629251701,0.7224154768318966,4.35426025390625
2017-06-01,2017,6,29.9070626638986,80.68495396205357,1010.8107517482517,1.7494500521955818,4.473738433621454
2017-07-01,2017,7,29.943048944536425,80.42171556122449,1010.277894295302,2.3329549699821728,4.902731007543103
2017-08-01,2017,8,30.04222855294586,81.70400918496621,1009.2011325503356,2.0084586943555998,4.923981119791667
2017-09-01,2017,9,29.745643028846153,80.87692742598684,1010.3112745098039,0.7946425294564441,4.746686433490954
2017-10-01,2017,10,29.209397786458332,81.24858197773973,1009.6617772108843,-1.8050670885059932,5.410461852600524
2017-11-01,2017,11,28.598243507179053,82.60628713688381,1010.8986013986014,-3.216123768981074,4.801389004321808
2017-12-01,2017,12,27.674568631001655,81.3259712114726,1012.255,-3.9011386128880035,5.469831910851884
2018-01-01,2018,1,27.01920173504601,81.40199165603741,1011.8213574840764,-4.500741082268792,5.332374730603449
2018-02-01,2018,2,26.56411162768405,79.77479208669355,1013.663387345679,-3.772344141830633,4.928368839216821
2018-03-01,2018,3,27.119866403592688,80.35803940716912,1011.8979910714286,-3.361664702926857,4.825335074162138
2018-04-01,2018,4,27.516994236232517,81.1919723731884,1012.0130762411347,-1.7604913845868178,4.320271809895833
2018-05-01,2018,5,29.18146989729021,80.67625144675925,1011.0944244604317,0.12109709134067062,4.230799165883458
2018-06-01,2018,6,29.37124972873264,81.98967251712328,1009.7697482638889,2.235961077964469,5.184259905133929
2018-07-01,2018,7,29.218678193933822,84.09333352481617,1007.1159899635037,2.4108594621930806,5.320708550347222
2018-08-01,2018,8,29.170821516481166,84.49659841652685,1007.2401426174497,3.207097440152555,5.781909518771702
2018-09-01,2018,9,29.066834813399282,81.89351283482142,1009.5080818965517,0.08208539750840929,5.134510945930756
2018-10-01,2018,10,28.84822048611111,80.07676630434783,1011.5641622340426,-2.010426766531808,4.64961956216277
2018-11-01,2018,11,28.34313418260261,81.7212775735294,1012.6229166666667,-3.332855224609375,4.494820987477022
2018-12-01,2018,12,27.787396992722602,81.9077079665493,1012.733125,-4.283446002828664,5.236531856142242
2019-01-01,2019,1,26.708199869791667,78.07459380661231,1014.5523706896552,-5.371416673592642,4.876395089285714
2019-02-01,2019,2,26.61421976461039,77.5102038261218,1015.5270700636943,-2.994357182429387,4.165748544987416
2019-03-01,2019,3,27.027822066326532,79.47390102332747,1013.8402534965035,-2.035491513534331,4.044345909441021
2019-04-01,2019,4,28.12856158088235,80.53076840753425,1012.5952280405405,-0.132669840773491,3.9659176149230073
2019-05-01,2019,5,29.221154868197278,81.19049567145271,1010.5725,1.3408126831054688,4.515725331763699
2019-06-01,2019,6,30.09680435505319,80.31952715253496,1009.7090928819445,2.2576043115903253,4.869826225385274
2019-07-01,2019,7,29.878682454427082,81.8693465667517,1009.1670918367347,2.05689321981894,5.283993191189236
2019-08-01,2019,8,29.4942424966277,84.01751214104729,1007.4370805369127,2.4014015706380207,5.86155771419702
2019-09-01,2019,9,29.36490578321541,82.71858622864907,1009.7307841614906,0.6722853860737364,5.521360001474057
2019-10-01,2019,10,29.17610465706169,80.88530055732484,1011.0901442307693,-1.6450306553994456,4.654167716733871
2019-11-01,2019,11,28.50304916057181,81.57546104379252,1011.2108850671141,-3.2849631796077805,5.3358461802242365
2019-12-01,2019,12,27.62472575984589,80.0643394156678,1013.6185161564625,-3.429657605229592,4.891810825892857
2020-01-01,2020,1,26.70893589317376,78.38304632482394,1013.7561422413793,-3.7431699555495688,4.871912235836331
2020-02-01,2020,2,26.423783585831927,77.07279594370861,1016.0064935064935,-4.2749653735191995,4.976843178677721
2020-03-01,2020,3,27.183119320700353,80.76567963286713,1013.7016267123288,-1.9679154290093317,4.253163439162234
2020-04-01,2020,4,28.07503428357713,79.42683189655172,1013.5907738095239,-2.071970829347364,4.429136488172743
2020-05-01,2020,5,29.10594383445946,81.75163197357382,1011.36875,1.2340682983398437,4.2700494260204085
2020-06-01,2020,6,29.942894665948277,80.43561516608392,1010.8205265410959,1.587947479666096,4.577055189344618
2020-07-01,2020,7,30.018978815009124,79.78094740316901,1010.0733506944445,1.6275527850300275,4.776031923965669
